condition,runs,client_rounds,rho_s,rho_m,c_s,c_m,m_s,Rho_p50,Rho_min,Rho_max,Cos_p50,Cos_min,Cos_max,MRatio_p50,MRatio_min,MRatio_max
chrono,3,6000,0.6121,0.8849,-0.295,-0.2132,4.2134,1.1965,0.3823,5.8681,0.1091,-0.3645,0.5962,0.4854,0.0791,10.4514
chrono-R-U,3,6000,0.4486,0.7577,-0.3584,-0.2886,1.2802,0.8735,0.2453,1.1358,0.0084,-0.4112,0.5993,0.427,0.0838,1.8482
chrono-U,3,6000,0.6086,0.9063,-0.3584,-0.2886,1.2802,0.9908,0.4928,5.8681,0.0084,-0.4112,0.5993,0.427,0.0838,1.8482
chrono-V-R-U,3,6000,0.4597,0.7785,-0.4466,-0.3451,3.0508,0.8883,0.2453,1.1611,-0.0245,-0.5393,0.5962,0.5204,0.1123,7.759
chrono-do-R-U,3,6000,0.4751,0.6708,-0.3211,-0.2191,4.7473,0.8887,0.3047,1.0354,0.0437,-0.389,0.6373,0.6759,0.1279,8.8033
chrono-do-U,3,6000,0.5967,0.7431,-0.3211,-0.2191,4.7473,0.9545,0.4807,19.6671,0.0437,-0.389,0.6373,0.6759,0.1279,8.8033
chrono-do-V-R-U,3,6000,0.4998,0.7023,-0.4031,-0.2754,4.2787,0.9083,0.3047,1.0173,0.0166,-0.5064,0.624,0.7967,0.1398,6.3728
chrono-dr-R-U,3,6000,0.5761,0.7223,-0.3739,-0.2727,1.6305,0.8842,0.2844,1.1126,0.0238,-0.4893,0.6031,0.4286,0.1,4.091
chrono-dr-U,3,6000,0.6988,0.781,-0.3739,-0.2727,1.6305,0.9441,0.4816,6.0,0.0238,-0.4893,0.6031,0.4286,0.1,4.091
chrono-dr-V-R-U,3,6000,0.577,0.7305,-0.3609,-0.2854,2.1476,0.8854,0.2844,1.1249,-0.0034,-0.4661,0.6031,0.4975,0.129,8.373
contam10,3,6000,0.6874,0.808,-0.288,-0.1947,1.5162,1.5058,0.6653,4.6642,0.0487,-0.3381,0.636,0.484,0.1815,1.7728
contam10-R-U,3,6000,0.4355,0.508,-0.2441,-0.1849,1.5241,0.9619,0.403,1.4182,-0.0423,-0.2834,0.636,0.4692,0.1049,2.0239
contam10-U,3,6000,0.4521,0.5173,-0.2441,-0.1849,1.5241,0.9506,0.4287,4.6642,-0.0423,-0.2834,0.636,0.4692,0.1049,2.0239
contam10-V-R-U,3,6000,0.4391,0.5208,-0.2501,-0.1966,1.6186,0.9517,0.4114,1.4182,-0.1079,-0.2938,0.636,0.5991,0.1556,2.0486
contam5,3,6000,0.6583,0.7732,-0.2617,-0.178,1.4704,1.5168,0.6354,5.4481,0.0629,-0.2971,0.6523,0.4965,0.1915,1.662
contam5-R-U,3,6000,0.4146,0.4821,-0.2338,-0.1776,1.5265,0.9409,0.3833,1.4781,-0.0355,-0.2652,0.6523,0.4878,0.1076,1.8649
contam5-U,3,6000,0.4227,0.4932,-0.2338,-0.1776,1.5265,0.9453,0.3977,5.4481,-0.0355,-0.2652,0.6523,0.4878,0.1076,1.8649
contam5-V-R-U,3,6000,0.4158,0.4927,-0.2394,-0.1918,1.6785,0.9431,0.3828,1.4781,-0.0807,-0.2831,0.6523,0.6136,0.1539,1.9592
default,3,6000,0.5732,0.7398,-0.1368,-0.0669,1.1677,1.5085,0.5428,6.8388,0.3403,-0.1722,0.8091,0.6565,0.2133,1.3263
default-R,3,6000,0.3288,0.4263,-0.1368,-0.0669,1.1677,0.8851,0.3052,1.2016,0.3403,-0.1722,0.8091,0.6565,0.2133,1.3263
default-R-U,3,6000,0.359,0.4464,-0.1749,-0.0777,1.8922,0.9046,0.3155,1.2314,0.1349,-0.2062,0.8122,0.7909,0.2133,2.4655
default-U,3,6000,0.3745,0.4684,-0.1749,-0.0777,1.8922,0.9355,0.3412,6.8388,0.1349,-0.2062,0.8122,0.7909,0.2133,2.4655
default-V-R,3,6000,0.3333,0.4228,-0.1676,-0.0742,1.2453,0.8863,0.3087,1.1911,0.3603,-0.2125,0.8002,0.677,0.2133,1.5559
default-V-R-U,3,6000,0.3577,0.4647,-0.1667,-0.0943,1.973,0.9092,0.316,1.1864,0.1043,-0.214,0.8099,0.8622,0.2133,2.3003
default-a0.1-R-U,3,6000,0.1478,0.1719,-0.1939,-0.135,1.4233,0.8792,0.11,1.2269,0.0878,-0.2582,0.7842,0.3523,0.0388,2.0927
default-a0.1-V-R-U,3,6000,0.1484,0.1907,-0.2333,-0.1574,1.8554,0.9436,0.11,1.2295,0.0558,-0.2902,0.8059,0.39,0.0388,2.4136
default-a1.0-R-U,3,6000,0.4371,0.5152,-0.1561,-0.067,1.634,0.9778,0.3813,1.2148,0.1269,-0.2286,0.8075,0.8614,0.3888,1.9457
default-a1.0-V-R-U,3,6000,0.4347,0.5232,-0.1631,-0.0894,1.7622,0.9795,0.3876,1.2046,0.1066,-0.2037,0.8108,0.9154,0.4007,2.1606
default-a10.0-R-U,3,6000,0.5731,0.6126,-0.1422,-0.0565,1.3496,0.8844,0.5544,1.1993,0.1946,-0.1902,0.8444,0.8434,0.3956,1.5371
default-a10.0-V-R-U,3,6000,0.5741,0.6198,-0.1758,-0.0913,1.6244,0.8878,0.5544,1.195,0.1769,-0.2364,0.8436,0.9603,0.537,1.8187
default-aiid-R-U,3,6000,0.9554,0.9797,-0.1489,-0.083,1.8516,1.016,0.9128,1.2056,0.1001,-0.2226,0.8031,1.2438,0.7199,2.1465
default-aiid-V-R-U,3,6000,0.9573,0.9813,-0.1694,-0.0854,1.8257,1.0167,0.9172,1.2092,0.0859,-0.2457,0.7982,1.2505,0.6934,2.1897
default-do-R-U,3,6000,0.3737,0.4577,-0.1005,-0.0428,2.1289,0.925,0.351,1.461,0.1357,-0.1605,0.7876,0.7932,0.2101,2.5048
default-do-U,3,6000,0.3871,0.4802,-0.1005,-0.0428,2.1289,0.9164,0.3436,25.2389,0.1357,-0.1605,0.7876,0.7932,0.2101,2.5048
default-do-V-R-U,3,6000,0.3757,0.4517,-0.1785,-0.0829,2.2946,0.9251,0.3501,1.461,0.1055,-0.2572,0.7709,0.8866,0.2094,2.9238
default-nosmote-R-U,3,6000,0.2794,0.3669,0.0031,0.0558,0.7911,0.8757,0.1555,1.2377,0.2617,-0.0724,0.8231,0.3539,0.1033,1.0332
default-nosmote-V-R-U,3,6000,0.2888,0.3679,-0.0624,0.0028,0.8767,0.8855,0.1555,1.2622,0.1898,-0.096,0.8366,0.418,0.1033,1.0332
imbalanced,3,6000,0.5239,0.7337,-0.1427,-0.0598,1.5043,1.5072,0.4976,7.9591,0.2545,-0.1971,0.6729,0.8524,0.2666,1.8232
imbalanced-R-U,3,6000,0.4076,0.5616,-0.2821,-0.2045,2.3642,1.1648,0.3445,2.6294,0.0957,-0.3155,0.6949,0.9629,0.2666,3.0352
imbalanced-U,3,6000,0.3404,0.4508,-0.2821,-0.2045,2.3642,0.9234,0.3069,7.9591,0.0957,-0.3155,0.6949,0.9629,0.2666,3.0352
imbalanced-V-R-U,3,6000,0.3983,0.5664,-0.3034,-0.2213,2.3274,1.1424,0.3126,2.6289,0.0725,-0.3881,0.7028,1.0229,0.2666,2.9588
missing2,3,6000,0.6734,0.757,-0.1237,-0.0475,1.2761,1.4658,0.6613,978345.871,0.2572,-0.1785,0.7826,0.7302,0.2113,1.4605
missing2-R-U,3,6000,0.4154,0.5023,-0.2927,-0.1661,1.9669,0.9458,0.1687,1.0984,0.1261,-0.3694,0.7913,0.8057,0.2113,2.6703
missing2-U,3,6000,0.4431,0.5145,-0.2927,-0.1661,1.9669,0.956,0.4229,978345.871,0.1261,-0.3694,0.7913,0.8057,0.2113,2.6703
missing2-V-R-U,3,6000,0.4255,0.5258,-0.2904,-0.208,2.164,0.9459,0.1687,1.1017,0.0972,-0.3653,0.7714,0.8804,0.2113,2.7833
mlp,3,6000,0.5119,0.7242,-0.1157,-0.0527,1.7172,1.3495,0.4385,10.6196,0.1511,-0.2483,0.5391,0.7016,0.2074,2.0764
mlp-R-U,3,6000,0.3361,0.4625,-0.1298,-0.0683,1.8222,0.9264,0.3162,1.4839,0.0588,-0.1894,0.5254,0.7311,0.1768,2.5302
mlp-U,3,6000,0.3328,0.4717,-0.1298,-0.0683,1.8222,0.9114,0.3137,10.6196,0.0588,-0.1894,0.5254,0.7311,0.1768,2.5302
mlp-V-R-U,3,6000,0.345,0.4851,-0.2106,-0.0837,1.8026,0.924,0.3185,1.3354,0.0501,-0.3768,0.551,0.6984,0.1749,2.4419
shifted,3,6000,0.5656,0.75,-0.3003,-0.2377,2.3569,1.5117,0.5301,6.766,0.4147,-0.3513,0.8268,1.2985,0.3206,2.7518
shifted-R-U,3,6000,0.3069,0.3987,-0.3595,-0.2437,3.7801,0.8437,0.2857,1.0603,0.159,-0.4511,0.7265,1.3922,0.3206,4.7698
shifted-U,3,6000,0.3853,0.4624,-0.3595,-0.2437,3.7801,0.9601,0.3462,6.766,0.159,-0.4511,0.7265,1.3922,0.3206,4.7698
shifted-V-R-U,3,6000,0.2922,0.3831,-0.4595,-0.2788,3.7765,0.8415,0.2857,1.0603,0.12,-0.5479,0.7213,1.4247,0.3206,4.8811
size100,3,6000,0.461,0.7442,-0.3673,-0.2757,6.9567,1.4535,0.4378,6.913,0.3365,-0.4524,0.8369,3.0676,1.3142,8.9307
size100-R-U,3,6000,0.3293,0.4428,-0.2894,-0.1946,8.4992,0.8821,0.247,6.913,0.034,-0.3319,0.6063,3.2438,0.9404,11.2662
size100-U,3,6000,0.3753,0.4814,-0.2894,-0.1946,8.4992,0.897,0.2679,6.913,0.034,-0.3319,0.6063,3.2438,0.9404,11.2662
size100-V-R-U,3,6000,0.3293,0.4712,-0.2965,-0.2064,8.9875,0.8926,0.2597,6.913,0.0241,-0.3506,0.6029,3.351,0.9593,10.4724
size1200,3,6000,0.5705,0.7461,-0.2627,-0.1851,2.5356,1.498,0.5168,6.7377,0.4193,-0.3085,0.8204,1.485,0.3447,2.9136
size1200-R-U,3,6000,0.3432,0.4504,-0.2052,-0.1098,3.9973,0.8992,0.31,2.2746,0.0865,-0.2661,0.7851,1.6473,0.3447,5.0583
size1200-U,3,6000,0.3606,0.4764,-0.2052,-0.1098,3.9973,0.9308,0.3311,6.7377,0.0865,-0.2661,0.7851,1.6473,0.3447,5.0583
size1200-V-R-U,3,6000,0.3534,0.4727,-0.261,-0.1272,4.1372,0.906,0.3151,2.2746,0.0874,-0.3343,0.7894,1.74,0.3447,5.4807
size300,3,6000,0.5507,0.6979,-0.3476,-0.257,3.5941,1.4822,0.4812,6.8261,0.3982,-0.391,0.8778,2.1423,0.6848,4.2053
size300-R-U,3,6000,0.3663,0.4539,-0.2366,-0.1445,6.792,0.8941,0.3293,3.3406,0.0601,-0.3069,0.7157,2.6526,0.6848,8.4723
size300-U,3,6000,0.3868,0.4782,-0.2366,-0.1445,6.792,0.9191,0.3494,6.8261,0.0601,-0.3069,0.7157,2.6526,0.6848,8.4723
size300-V-R-U,3,6000,0.3671,0.4624,-0.2769,-0.1543,7.9435,0.8961,0.3414,3.3406,0.0572,-0.3268,0.7157,2.8422,0.6848,9.3893
