seed,client,n_original,n_post_r1,n_post_r2,smote_r1,smote_r2,n_classes,singleton_classes,pre_ddos,pre_dos,pre_injection,pre_normal,pre_password,pre_scanning,pre_xss
0,0,1626,6176,6176,applied,applied,4,0,3,37,42,1544,0,0,0
0,1,1145,2324,2324,applied,applied,7,0,131,73,41,231,332,35,302
0,2,463,1410,1410,applied,applied,6,0,61,9,0,12,235,118,28
0,3,256,552,552,applied,applied,6,0,9,25,33,91,0,6,92
0,4,2073,5757,5757,applied,applied,3,0,112,0,42,1919,0,0,0
0,5,1282,4972,4972,applied,applied,4,0,24,8,7,1243,0,0,0
0,6,1859,6920,6920,applied,applied,4,0,16,29,84,1730,0,0,0
0,7,606,606,1173,failed,partial,5,1,293,0,0,268,16,1,28
0,8,261,261,522,failed,partial,7,2,8,1,1,75,104,58,14
0,9,1949,7016,7016,applied,applied,4,0,23,107,65,1754,0,0,0
0,10,756,756,3745,failed,partial,7,1,624,6,5,81,18,1,21
0,11,1552,3807,3807,applied,applied,3,0,279,4,0,1269,0,0,0
0,12,237,560,560,applied,applied,7,0,30,3,9,80,40,2,73
0,13,1293,2915,2915,applied,applied,5,0,118,3,14,583,575,0,0
0,14,890,890,2121,failed,partial,6,1,192,0,1,424,5,12,256
0,15,597,597,1131,failed,partial,6,1,59,1,0,226,202,59,50
0,16,971,5866,5866,applied,applied,7,0,50,2,9,56,838,12,4
0,17,4025,15120,15120,applied,applied,4,0,222,18,5,3780,0,0,0
0,18,1465,3228,3228,applied,applied,4,0,581,12,65,807,0,0,0
0,19,1334,1334,3301,failed,partial,5,1,342,15,1,825,151,0,0
1,0,1034,4025,4025,applied,applied,7,0,209,39,30,575,51,82,48
1,1,265,846,846,applied,applied,6,0,141,0,35,41,35,4,9
1,2,931,931,1833,failed,partial,5,1,458,0,1,338,121,13,0
1,3,612,2044,2044,applied,applied,7,0,4,19,5,292,239,39,14
1,4,1416,3954,3954,applied,applied,3,0,45,53,0,1318,0,0,0
1,5,2385,9280,9280,applied,applied,4,0,22,10,33,2320,0,0,0
1,6,921,921,1757,failed,partial,7,2,125,1,1,116,296,31,351
1,7,1235,4290,4290,applied,applied,5,0,0,56,34,53,858,0,234
1,8,1264,4356,4356,applied,applied,4,0,27,88,60,1089,0,0,0
1,9,1595,4638,4638,applied,applied,3,0,43,0,6,1546,0,0,0
1,10,2896,5788,5788,applied,applied,2,0,2,0,0,2894,0,0,0
1,11,258,642,642,applied,applied,6,0,0,6,35,15,107,43,52
1,12,670,3059,3059,applied,applied,7,0,113,20,16,24,437,8,52
1,13,167,305,305,applied,applied,5,0,6,24,0,21,55,61,0
1,14,939,3234,3234,applied,applied,6,0,539,12,3,318,65,2,0
1,15,1952,5130,5130,applied,applied,3,0,234,0,8,1710,0,0,0
1,16,1245,4520,4520,applied,applied,5,0,904,3,80,41,217,0,0
1,17,450,882,882,applied,applied,7,0,126,12,45,103,35,21,108
1,18,2084,8136,8136,applied,applied,4,0,22,2,26,2034,0,0,0
1,19,2321,8600,8600,applied,applied,4,0,157,8,6,2150,0,0,0
2,0,2535,8256,8256,applied,applied,4,0,427,7,37,2064,0,0,0
2,1,561,1398,1398,applied,applied,6,0,167,19,44,233,0,12,86
2,2,837,3843,3843,applied,applied,7,0,55,14,30,549,119,25,45
2,3,891,891,3991,failed,partial,7,1,29,34,66,26,665,1,70
2,4,1340,3000,3000,applied,applied,4,0,569,8,13,750,0,0,0
2,5,227,1008,1008,applied,applied,7,0,28,3,11,3,144,36,2
2,6,2124,8292,8292,applied,applied,4,0,20,29,2,2073,0,0,0
2,7,919,919,4849,failed,partial,7,1,808,4,36,16,32,1,22
2,8,7166,26432,26432,applied,applied,4,0,507,28,23,6608,0,0,0
2,9,715,2065,2065,applied,applied,7,0,134,62,14,180,295,7,23
2,10,301,1029,1029,applied,applied,7,0,60,4,6,19,147,57,8
2,11,708,708,1670,failed,partial,6,2,2,1,0,417,198,89,1
2,12,1319,4263,4263,applied,applied,7,0,206,13,12,609,387,4,88
2,13,146,432,432,applied,applied,6,0,18,9,23,15,9,0,72
2,14,1333,1333,4825,failed,partial,5,1,5,16,1,1206,105,0,0
2,15,269,1080,1080,applied,applied,6,0,17,0,2,38,180,2,30
2,16,723,1925,1925,applied,applied,7,0,5,46,3,275,141,18,235
2,17,928,4290,4290,applied,applied,6,0,54,0,10,715,78,26,45
2,18,1247,4644,4644,applied,applied,4,0,6,3,77,1161,0,0,0
2,19,351,987,987,applied,applied,7,0,60,53,14,41,16,26,141
3,0,141,141,241,failed,partial,7,1,3,40,1,20,27,35,15
3,1,496,2226,2226,applied,applied,6,0,3,0,14,371,12,24,72
3,2,752,2940,2940,applied,applied,7,0,101,3,13,420,113,81,21
3,3,3105,10216,10216,applied,applied,4,0,468,3,80,2554,0,0,0
3,4,2610,10048,10048,applied,applied,4,0,13,33,52,2512,0,0,0
3,5,497,2310,2310,applied,applied,7,0,6,2,13,330,122,17,7
3,6,238,238,670,failed,partial,6,2,167,1,7,58,4,1,0
3,7,492,2387,2387,applied,applied,7,0,341,7,11,107,10,12,4
3,8,265,1036,1036,applied,applied,7,0,13,23,27,148,8,10,36
3,9,1267,1267,6511,failed,partial,7,1,1,7,35,1085,87,10,42
3,10,876,2172,2172,applied,applied,6,0,112,51,0,362,32,45,274
3,11,826,3360,3360,applied,applied,7,0,480,3,38,10,262,16,17
3,12,1844,4610,4610,applied,applied,5,0,250,18,6,648,922,0,0
3,13,456,456,1525,failed,partial,5,1,381,0,24,15,1,0,35
3,14,502,1566,1566,applied,applied,6,0,22,8,0,261,158,43,10
3,15,770,1734,1734,applied,applied,6,0,274,13,66,47,81,0,289
3,16,1383,2655,2655,applied,applied,5,0,335,5,5,507,531,0,0
3,17,995,5523,5523,applied,applied,7,0,22,52,8,789,78,5,41
3,18,6834,26980,26980,applied,applied,4,0,29,44,16,6745,0,0,0
3,19,291,1092,1092,applied,applied,7,0,156,40,8,9,68,5,5
4,0,929,4290,4290,applied,applied,6,0,83,11,7,715,29,0,84
4,1,2209,8752,8752,applied,applied,4,0,8,11,2,2188,0,0,0
4,2,1341,2310,2310,applied,applied,3,0,533,0,38,770,0,0,0
4,3,825,3228,3228,applied,applied,6,0,79,0,5,538,126,50,27
4,4,1343,1343,5651,failed,partial,6,1,6,0,3,1,1130,3,200
4,5,894,894,2886,failed,partial,6,1,70,5,1,577,0,24,217
4,6,173,173,286,failed,partial,6,1,17,44,2,0,52,57,1
4,7,298,528,528,applied,applied,6,0,0,20,24,74,82,10,88
4,8,1474,3381,3381,applied,applied,3,0,180,0,167,1127,0,0,0
4,9,1801,6944,6944,applied,applied,4,0,2,8,55,1736,0,0,0
4,10,1403,3240,3240,applied,applied,4,0,810,8,18,567,0,0,0
4,11,565,565,2629,failed,partial,7,1,90,2,5,1,438,3,26
4,12,3034,11908,11908,applied,applied,4,0,6,44,7,2977,0,0,0
4,13,741,741,2911,failed,partial,7,1,53,14,3,485,134,1,51
4,14,1013,1013,3079,failed,partial,7,1,203,3,1,513,229,37,27
4,15,2063,5832,5832,applied,applied,4,0,595,5,5,1458,0,0,0
4,16,786,2600,2600,applied,applied,5,0,56,31,0,520,0,58,121
4,17,2412,9416,9416,applied,applied,4,0,22,29,7,2354,0,0,0
4,18,611,2527,2527,applied,applied,7,0,361,117,55,5,50,13,10
4,19,725,725,2353,failed,partial,7,1,3,1,19,392,246,48,16
5,0,1431,2512,2512,applied,applied,4,0,212,10,0,628,581,0,0
5,1,1176,4825,4825,applied,applied,5,0,11,0,0,965,32,22,146
5,2,305,616,616,applied,applied,7,0,85,22,21,41,88,41,7
5,3,1688,6120,6120,applied,applied,4,0,128,2,28,1530,0,0,0
5,4,195,518,518,applied,applied,7,0,47,12,3,74,24,4,31
5,5,3039,11464,11464,applied,applied,4,0,138,11,24,2866,0,0,0
5,6,2944,8280,8280,applied,applied,3,0,101,83,0,2760,0,0,0
5,7,1345,3645,3645,applied,applied,3,0,112,18,0,1215,0,0,0
5,8,1674,5740,5740,applied,applied,4,0,190,18,31,1435,0,0,0
5,9,1253,3712,3712,applied,applied,4,0,0,5,18,928,302,0,0
5,10,524,1182,1182,applied,applied,6,0,62,7,100,197,144,0,14
5,11,252,252,676,failed,partial,6,1,0,81,1,135,4,18,13
5,12,1069,3468,3468,applied,applied,6,0,0,51,9,393,578,5,33
5,13,1287,3330,3330,applied,applied,5,0,666,7,33,252,329,0,0
5,14,490,490,1597,failed,partial,7,1,9,2,2,195,266,1,15
5,15,875,3605,3605,applied,applied,7,0,88,12,32,515,15,28,185
5,16,258,945,945,applied,applied,7,0,23,2,5,13,135,7,73
5,17,2059,7812,7812,applied,applied,4,0,92,2,12,1953,0,0,0
5,18,877,877,2107,failed,partial,7,1,174,1,101,54,18,178,351
5,19,1899,4156,4156,applied,applied,4,0,1039,7,4,849,0,0,0
6,0,270,738,738,applied,applied,6,0,7,0,123,66,17,41,16
6,1,1764,3660,3660,applied,applied,3,0,526,0,18,1220,0,0,0
6,2,3240,12780,12780,applied,applied,4,0,9,29,7,3195,0,0,0
6,3,328,1038,1038,applied,applied,6,0,21,35,5,37,57,173,0
6,4,1449,5468,5468,applied,applied,4,0,64,3,15,1367,0,0,0
6,5,950,2520,2520,applied,applied,6,0,195,32,5,420,109,0,189
6,6,2071,6189,6189,applied,applied,3,0,5,3,0,2063,0,0,0
6,7,912,912,3986,failed,partial,6,1,31,2,47,797,1,0,34
6,8,1310,5138,5138,applied,applied,7,0,27,10,2,734,325,34,178
6,9,120,175,175,applied,applied,5,0,22,35,3,30,30,0,0
6,10,1086,2534,2534,applied,applied,7,0,260,16,10,362,256,23,159
6,11,213,213,691,failed,partial,7,1,23,12,6,1,50,6,115
6,12,1433,1433,3105,failed,partial,5,1,776,1,5,230,421,0,0
6,13,1277,4890,4890,applied,applied,5,0,209,5,9,978,76,0,0
6,14,713,2366,2366,applied,applied,7,0,13,15,25,338,232,25,65
6,15,2576,10172,10172,applied,applied,4,0,4,25,4,2543,0,0,0
6,16,521,521,1882,failed,partial,7,2,48,79,1,9,376,1,7
6,17,1993,5108,5108,applied,applied,4,0,580,2,134,1277,0,0,0
6,18,1350,4600,4600,applied,applied,4,0,149,47,4,1150,0,0,0
6,19,1064,1064,2832,failed,partial,7,2,208,2,1,181,566,1,105
7,0,2188,4164,4164,applied,applied,2,0,0,106,0,2082,0,0,0
7,1,524,1239,1239,applied,applied,7,0,162,22,15,91,51,6,177
7,2,543,543,1663,failed,partial,7,1,8,1,51,277,190,5,11
7,3,1250,5868,5868,applied,applied,6,0,106,19,6,978,36,105,0
7,4,1976,1976,5812,failed,partial,4,1,35,1,3,1937,0,0,0
7,5,781,781,2366,failed,partial,6,1,19,1,51,473,225,0,12
7,6,1690,1690,1967,failed,partial,5,2,407,1,1,655,626,0,0
7,7,719,2555,2555,applied,applied,7,0,262,8,48,365,15,9,12
7,8,913,3598,3598,applied,applied,7,0,514,9,8,370,7,3,2
7,9,1442,5320,5320,applied,applied,5,0,22,3,5,1064,348,0,0
7,10,1144,4326,4326,applied,applied,7,0,202,2,67,201,618,33,21
7,11,1265,4650,4650,applied,applied,5,0,230,16,15,930,74,0,0
7,12,443,443,2023,failed,partial,7,1,39,1,49,337,7,2,8
7,13,4069,14896,14896,applied,applied,4,0,289,47,9,3724,0,0,0
7,14,925,925,3385,failed,partial,7,1,122,1,3,564,66,79,90
7,15,1658,5704,5704,applied,applied,4,0,178,32,22,1426,0,0,0
7,16,474,1344,1344,applied,applied,7,0,4,67,16,192,149,38,8
7,17,785,785,1765,failed,partial,7,1,294,13,4,211,85,1,177
7,18,782,2695,2695,applied,applied,7,0,23,2,38,385,9,4,321
7,19,1069,1069,4417,failed,partial,7,1,261,1,13,736,10,19,29
8,0,7340,21945,21945,applied,applied,3,0,7,0,18,7315,0,0,0
8,1,232,232,611,failed,partial,6,1,85,4,14,1,122,6,0
8,2,551,2352,2352,applied,applied,6,0,22,18,7,392,31,0,81
8,3,482,2926,2926,applied,applied,7,0,5,3,14,418,25,11,6
8,4,1985,1985,4261,failed,partial,5,1,108,2,1,809,1065,0,0
8,5,760,2502,2502,applied,applied,6,0,417,17,5,21,0,68,232
8,6,651,3528,3528,applied,applied,7,0,504,13,8,64,6,52,4
8,7,559,2016,2016,applied,applied,6,0,141,0,9,336,62,8,3
8,8,864,864,2353,failed,partial,7,1,392,9,1,217,169,21,55
8,9,476,1160,1160,applied,applied,5,0,232,0,4,47,0,75,118
8,10,813,813,2089,failed,partial,7,1,311,52,42,56,348,1,3
8,11,793,1995,1995,applied,applied,7,0,285,13,2,217,194,19,63
8,12,799,3486,3486,applied,applied,7,0,11,21,8,498,137,27,97
8,13,137,324,324,applied,applied,4,0,0,81,14,35,0,7,0
8,14,320,320,1026,failed,partial,6,1,7,11,92,1,0,4,205
8,15,1284,4240,4240,applied,applied,5,0,24,62,3,848,347,0,0
8,16,313,313,1015,failed,partial,7,1,102,11,15,169,10,5,1
8,17,2193,7912,7912,applied,applied,4,0,176,27,12,1978,0,0,0
8,18,2069,2069,5437,failed,partial,4,1,226,1,30,1812,0,0,0
8,19,2019,7056,7056,applied,applied,4,0,122,8,125,1764,0,0,0
9,0,524,1542,1542,applied,applied,6,0,4,8,0,13,257,3,239
9,1,712,712,2461,failed,partial,7,1,31,1,5,219,410,14,32
9,2,2108,6032,6032,applied,applied,4,0,542,41,17,1508,0,0,0
9,3,1975,5787,5787,applied,applied,3,0,38,8,0,1929,0,0,0
9,4,402,1056,1056,applied,applied,6,0,176,2,0,62,109,50,3
9,5,953,953,2055,failed,partial,7,3,513,3,1,299,1,1,135
9,6,434,1477,1477,applied,applied,7,0,18,10,3,211,61,60,71
9,7,223,223,343,failed,partial,7,1,57,1,44,21,55,18,27
9,8,647,647,3409,failed,partial,7,1,37,1,10,16,568,10,5
9,9,241,804,804,applied,applied,6,0,19,0,5,61,134,16,6
9,10,341,456,456,applied,applied,6,0,72,35,0,51,42,65,76
9,11,1208,4140,4140,applied,applied,6,0,690,44,110,312,0,25,27
9,12,773,1799,1799,applied,applied,7,0,257,2,11,229,208,10,56
9,13,1820,6500,6500,applied,applied,4,0,117,55,23,1625,0,0,0
9,14,6084,23624,23624,applied,applied,4,0,140,7,31,5906,0,0,0
9,15,978,4487,4487,applied,applied,7,0,6,3,49,641,256,17,6
9,16,96,96,126,failed,partial,6,3,1,11,41,1,1,0,41
9,17,3989,14744,14744,applied,applied,4,0,221,79,3,3686,0,0,0
9,18,536,786,786,applied,applied,6,0,85,11,62,118,131,0,129
9,19,596,1981,1981,applied,applied,7,0,153,31,9,90,283,15,15
