stage,rows,normal,ddos,password,xss,injection,dos,scanning,mitm
raw,35975,24871,4608,3628,1269,612,525,447,15.0
drop_mitm,35960,24871,4608,3628,1269,612,525,447,0.0
drop_non_numeric,35201,24283,4539,3594,1240,606,505,434,0.0
random:train,24640,16998,3177,2516,868,424,353,304,0.0
random:val,5280,3642,681,539,186,91,76,65,0.0
random:test,5281,3643,681,539,186,91,76,65,0.0
chrono_class:train,24638,16998,3177,2515,868,424,353,303,0.0
chrono_class:val,5280,3642,681,539,186,91,76,65,0.0
chrono_class:test,5283,3643,681,540,186,91,76,66,0.0
