Method,0.0,0.1,0.2,0.3,0.4,0.5,0.6,0.7,0.8,0.9
DyF-ZTL (proposed),88.0$\pm$5.4,87.9$\pm$5.4,87.4$\pm$6.0,86.8$\pm$8.1,89.2$\pm$3.1,86.4$\pm$10.5,88.1$\pm$4.7,90.0$\pm$1.9,89.1$\pm$3.9,82.3$\pm$13.3
FLTrust,88.8$\pm$1.7,88.2$\pm$2.5,89.0$\pm$1.0,88.3$\pm$2.0,88.3$\pm$2.2,87.4$\pm$3.4,86.1$\pm$3.6,85.5$\pm$5.3,84.9$\pm$4.2,73.9$\pm$13.7
"DyF-ZTL, Round-1 engine (v1)",88.0$\pm$3.4,89.1$\pm$2.1,88.9$\pm$3.6,88.1$\pm$2.8,88.4$\pm$2.7,87.4$\pm$4.7,84.5$\pm$12.4,83.8$\pm$12.6,86.3$\pm$3.4,72.3$\pm$14.7
"FedAvg (Eq.~1, $|D_k|$)",58.6$\pm$8.6,58.0$\pm$6.9,57.6$\pm$7.3,54.1$\pm$8.6,44.5$\pm$17.5,31.1$\pm$19.2,20.4$\pm$18.3,4.4$\pm$4.3,2.6$\pm$1.8,2.6$\pm$1.3
"FedProx (Eq.~1, $|D_k|$)",76.6$\pm$7.7,77.1$\pm$7.7,76.5$\pm$8.4,71.2$\pm$10.1,59.2$\pm$19.7,42.9$\pm$21.2,20.8$\pm$17.6,2.8$\pm$3.2,1.0$\pm$1.1,0.6$\pm$0.4
Coordinate-wise median,81.5$\pm$11.7,78.2$\pm$11.0,79.9$\pm$7.6,76.2$\pm$11.3,67.3$\pm$12.1,35.4$\pm$10.5,5.9$\pm$6.3,1.2$\pm$1.3,0.3$\pm$0.1,0.3$\pm$0.2
Trimmed mean,79.7$\pm$8.4,78.5$\pm$9.8,79.8$\pm$8.8,76.9$\pm$10.6,68.5$\pm$12.2,35.7$\pm$18.3,8.9$\pm$6.1,1.6$\pm$1.6,0.4$\pm$0.2,0.3$\pm$0.1
Krum,75.0$\pm$8.9,74.1$\pm$9.9,75.5$\pm$12.1,75.4$\pm$7.1,65.7$\pm$23.4,22.5$\pm$33.1,13.0$\pm$26.8,0.8$\pm$1.3,0.5$\pm$0.6,0.5$\pm$0.6
Multi-Krum,79.2$\pm$8.0,79.0$\pm$10.4,80.3$\pm$3.5,68.2$\pm$14.7,44.5$\pm$28.0,32.5$\pm$28.7,20.9$\pm$14.6,15.1$\pm$10.2,3.4$\pm$5.3,0.4$\pm$0.8
