Ratio,Mal.\\rej.,Honest\\rej.,Prec.\\reject,Admitted\\/ round,Attacker\\weight,Rounds\\to rehab.,FLTrust\\mal. rej.,FLTrust\\honest rej.,FLTrust\\att. weight,v1\\honest rej.
0.1,100.0$\pm$0.0,10.2$\pm$4.4,54$\pm$13,16.2$\pm$0.8,0.0$\pm$0.0,11.1$\pm$7.8,35.6$\pm$16.2,17.9$\pm$4.8,3.8$\pm$2.2,21.6$\pm$12.0
0.2,98.5$\pm$3.5,10.3$\pm$5.7,72$\pm$11,14.4$\pm$1.0,0.4$\pm$0.9,10.6$\pm$10.1,43.4$\pm$13.1,15.3$\pm$4.4,6.0$\pm$2.4,21.2$\pm$11.4
0.3,97.7$\pm$5.7,10.8$\pm$8.5,82$\pm$12,12.6$\pm$1.4,0.9$\pm$2.3,9.6$\pm$3.8,48.0$\pm$14.0,14.3$\pm$7.2,8.3$\pm$3.4,19.8$\pm$12.9
0.4,98.3$\pm$4.3,10.5$\pm$7.5,87$\pm$8,10.9$\pm$1.1,1.1$\pm$2.8,13.6$\pm$21.5,55.2$\pm$7.9,12.8$\pm$7.0,10.1$\pm$2.1,22.0$\pm$16.0
0.5,98.4$\pm$3.4,11.0$\pm$9.7,91$\pm$8,9.1$\pm$1.1,1.5$\pm$3.1,7.4$\pm$5.0,59.8$\pm$8.7,10.5$\pm$7.3,11.4$\pm$3.3,22.7$\pm$15.2
0.6,98.8$\pm$2.4,10.1$\pm$8.5,94$\pm$5,7.3$\pm$0.8,1.6$\pm$3.3,12.1$\pm$17.5,62.0$\pm$6.9,9.8$\pm$4.7,13.7$\pm$4.0,27.1$\pm$25.8
0.7,99.1$\pm$2.1,11.4$\pm$10.3,95$\pm$4,5.4$\pm$0.8,2.0$\pm$4.2,7.6$\pm$5.2,65.1$\pm$8.7,8.3$\pm$4.3,16.7$\pm$5.5,25.1$\pm$25.0
0.8,99.2$\pm$1.9,14.1$\pm$11.9,97$\pm$3,3.6$\pm$0.6,2.6$\pm$6.6,8.3$\pm$7.3,68.9$\pm$8.7,8.5$\pm$5.2,20.6$\pm$6.0,25.6$\pm$13.6
0.9,99.4$\pm$1.6,23.4$\pm$26.1,98$\pm$3,1.6$\pm$0.6,4.4$\pm$11.3,6.9$\pm$1.7,71.5$\pm$7.1,7.6$\pm$7.3,27.2$\pm$5.3,28.4$\pm$37.2
