condition,competitor,n_new,d_acc_new,d_acc_new_sd,p_new,n_ref,d_acc_ref,p_ref,same_sign
clean,SCAFFOLD,5,0.521999999999997,0.3304088376542008,0.024172220656972564,10,0.39799999999999897,0.1398490504907007,True
clean,FedProx (uniform),5,0.8259999999999991,0.3143723906452381,0.004192974707892049,10,0.6120000000000004,0.007094441395011983,True
clean,FLTrust,5,1.0300000000000011,0.1303840481040502,6.033061977833628e-05,10,0.7289999999999978,0.0009973528437384946,True
cyclic 0.4,SCAFFOLD,5,24.886,25.19093547290375,0.09172815252077461,0,,,
cyclic 0.4,FedProx (uniform),5,11.717999999999993,6.850716750822501,0.018702076692426538,0,,,
cyclic 0.4,FLTrust,5,0.8939999999999969,0.3946897515771088,0.007156172037117097,10,1.0989999999999995,0.04323393679295237,True
cyclic 0.8,SCAFFOLD,5,90.784,8.084935373891367,1.4938311555673804e-05,0,,,
cyclic 0.8,FedProx (uniform),5,94.84599999999999,1.9900577881056618,4.6488231948242436e-08,0,,,
cyclic 0.8,FLTrust,5,1.460000000000005,0.5113218164717773,0.0030881081150206545,10,1.3129999999999995,0.012003910583606035,True
cyclic 0.9,SCAFFOLD,5,95.188,2.7235950506637434,1.6068622816754568e-07,0,,,
cyclic 0.9,FedProx (uniform),5,95.294,2.7991748784239974,1.7847182815665781e-07,0,,,
cyclic 0.9,FLTrust,5,8.264000000000001,8.321323812951876,0.09054535772101113,10,3.908999999999999,0.13166585429896713,True
boosted backdoor 0.4,FLTrust,5,0.941999999999996,0.4277499269433036,0.007904924577710845,5,0.5420000000000016,0.5091265797961001,True
