condition,method,n_new,acc_new,acc_new_sd,f1_new,f1_new_sd,asr_cond_new,attacker_rejection_new,n_ref,acc_ref,acc_ref_sd,f1_ref,f1_ref_sd,asr_cond_ref
clean,DyF-ZTL (v2.2),5,97.28999999999999,0.18357559750685437,91.35799999999999,0.7535714962762319,0.8389042422641069,,10,96.88199999999999,0.4996621080512531,88.04800000000002,5.376435828894662,1.4237267908174545
clean,SCAFFOLD,5,96.768,0.39902380881345817,90.756,0.9880435213086507,0.46924638794735074,,10,96.48400000000001,0.40439804373634053,89.771,1.3906069817808977,0.20561508194077754
clean,FedProx (uniform),5,96.46400000000001,0.30525399260288505,90.256,0.8246393150947878,0.6550594582222402,,10,96.27,0.27426669907632306,89.412,1.112452745563205,1.7076823896786664
clean,FLTrust,5,96.26,0.150166574176812,89.512,0.7834985641339735,0.908284205943346,,10,96.153,0.3574306459534019,88.809,1.7495170762241785,1.5375868766568601
cyclic 0.4,DyF-ZTL (v2.2),5,97.16,0.3967996975805302,91.244,2.1167498671312104,0.21111600333824754,0.9775,10,96.7,0.981755796746036,89.191,3.0974342428676156,1.44568272982724
cyclic 0.4,SCAFFOLD,5,72.274,25.128677442316775,62.00599999999999,13.528014636301956,1.7293971008621156,,0,,,,,
cyclic 0.4,FedProx (uniform),5,85.44200000000001,6.642233811000635,75.89399999999999,7.318109728611616,0.4158366867341101,,0,,,,,
cyclic 0.4,FLTrust,5,96.26599999999999,0.14926486525635796,89.52799999999999,0.2452957398733203,0.7785595301538706,0.5185,10,95.601,1.2270330068910122,88.317,2.235943996515914,1.1950125975999981
cyclic 0.8,DyF-ZTL (v2.2),5,96.934,0.3978441906073293,90.202,1.8781826322272306,1.5008718706667423,0.990375,10,96.41499999999999,0.9401211505852708,89.14500000000001,3.858183942392243,1.1227012425661087
cyclic 0.8,SCAFFOLD,5,6.15,8.234704001966312,2.8679999999999994,4.289238860217509,0.0,,0,,,,,
cyclic 0.8,FedProx (uniform),5,2.088,1.9341328806470355,0.994,1.0525112825998588,0.0,,0,,,,,
cyclic 0.8,FLTrust,5,95.47399999999999,0.4197975702645255,85.12,3.320805625145799,2.1780419070273638,0.6655,10,95.102,0.8562943419175425,84.91499999999999,4.167237960834757,3.1285203830339015
cyclic 0.9,DyF-ZTL (v2.2),5,95.736,2.7476953979653604,83.812,13.925719730053451,1.705344192450866,0.9947777777777779,10,94.96799999999999,4.394637641489913,82.28200000000001,13.313956586980447,1.3125223852694035
cyclic 0.9,SCAFFOLD,5,0.548,0.10545141061171252,0.6900000000000001,0.5234023309080692,15.625,,0,,,,,
cyclic 0.9,FedProx (uniform),5,0.442,0.18566098136118964,0.22000000000000003,0.0894427190999916,0.0,,0,,,,,
cyclic 0.9,FLTrust,5,87.47200000000001,10.71381211334229,66.03999999999999,22.672173473224838,6.152814670931548,0.6744444444444445,10,91.059,5.821153856601129,73.887,13.672992885408975,2.26488103158772
boosted backdoor 0.4,DyF-ZTL (v2.2),5,97.118,0.3301060435678223,90.97800000000001,2.0105024247684935,0.23708203108981252,0.999,5,96.332,1.267505424051511,88.49600000000001,2.7557721241060538,1.9775930873584002
boosted backdoor 0.4,FLTrust,5,96.176,0.2516545250934314,89.194,0.8722843573055754,46.65294334292412,0.3135,5,95.79,0.6375343128020629,88.026,2.4869318446632214,53.933424204587936
