ratio,method,subset,n,acc_mean,acc_sd,f1_mean,f1_sd
0.0,DyF-ZTL (v2.2),seeds 0-9,10,96.88199999999999,0.4996621080512531,88.04800000000002,5.376435828894662
0.0,DyF-ZTL (v2.2),seeds 0-1 (inspected),2,96.545,0.6010407640085614,84.555,6.371032098490797
0.0,DyF-ZTL (v2.2),seeds 2-9 (unseen),8,96.96625,0.4783584280790788,88.92125,5.19700308557043
0.0,FLTrust,seeds 0-9,10,96.153,0.3574306459534019,88.809,1.7495170762241785
0.0,FLTrust,seeds 0-1 (inspected),2,95.96000000000001,0.22627416997970043,88.1,0.5374011537017798
0.0,FLTrust,seeds 2-9 (unseen),8,96.20125,0.3790000942329309,88.98625000000001,1.9273144713379207
0.0,Ablation A (acc. gates),seeds 0-9,10,96.537,0.35895063108393566,88.00699999999999,3.4180177816324386
0.0,Ablation A (acc. gates),seeds 0-1 (inspected),2,96.78,0.3252691193458175,88.325,3.740594872476831
0.0,Ablation A (acc. gates),seeds 2-9 (unseen),8,96.47625,0.3597990510588608,87.92750000000001,3.603584524965581
0.0,FedProx,seeds 0-9,10,93.93299999999999,1.3689903010775677,76.61,7.696238619539344
0.0,FedProx,seeds 0-1 (inspected),2,93.41999999999999,1.3576450198781724,71.33500000000001,3.655742058734452
0.0,FedProx,seeds 2-9 (unseen),8,94.06125,1.4325844527586213,77.92875000000001,8.01926508478177
0.0,FedAvg,seeds 0-9,10,88.054,3.8793275476842926,58.556999999999995,8.62079662470032
0.0,FedAvg,seeds 0-1 (inspected),2,90.045,0.3606244584051328,62.19,0.7495331880577419
0.0,FedAvg,seeds 2-9 (unseen),8,87.55625,4.232567398838947,57.64875,9.52668948271119
0.0,Krum,seeds 0-9,10,91.57600000000001,5.1738298730781205,74.96400000000001,8.878871549921195
0.0,Krum,seeds 0-1 (inspected),2,92.655,3.6133156518632576,71.14,19.502005025124983
0.0,Krum,seeds 2-9 (unseen),8,91.30625,5.66883696184676,75.92,6.465552677735403
0.0,Multi-Krum,seeds 0-9,10,94.848,1.5780635109032983,79.151,8.030095405549188
0.0,Multi-Krum,seeds 0-1 (inspected),2,93.07499999999999,1.6475588001646544,72.08,3.860803025278555
0.0,Multi-Krum,seeds 2-9 (unseen),8,95.29124999999999,1.300510202080046,80.91875,7.932199186138189
0.0,Median,seeds 0-9,10,95.129,1.6891315980572836,81.53999999999999,11.728916782418096
0.0,Median,seeds 0-1 (inspected),2,93.37,0.7495331880577419,71.72,7.764032457428285
0.0,Median,seeds 2-9 (unseen),8,95.56875,1.5757758859866917,83.995,11.568097756947152
0.0,Trimmed mean,seeds 0-9,10,94.774,1.4216047270602346,79.73499999999999,8.397994800347679
0.0,Trimmed mean,seeds 0-1 (inspected),2,93.485,0.7000357133746885,73.59,4.171930009000635
0.0,Trimmed mean,seeds 2-9 (unseen),8,95.09625,1.3910318626318907,81.27125,8.64315821494501
0.1,DyF-ZTL (v2.2),seeds 0-9,10,96.95700000000001,0.4931091833120399,87.92,5.399246861060037
0.1,DyF-ZTL (v2.2),seeds 0-1 (inspected),2,96.49,0.5515432893255079,84.31,7.396336931211293
0.1,DyF-ZTL (v2.2),seeds 2-9 (unseen),8,97.07375,0.4373601817397502,88.8225,5.0011534383865595
0.1,FLTrust,seeds 0-9,10,96.071,0.5907706830911648,88.21000000000001,2.5480580841103277
0.1,FLTrust,seeds 0-1 (inspected),2,95.305,1.039446968344234,84.67,3.8042344827836225
0.1,FLTrust,seeds 2-9 (unseen),8,96.26249999999999,0.2912411862553588,89.095,1.3433540114206686
0.1,Ablation A (acc. gates),seeds 0-9,10,96.615,0.4664582868095848,89.109,2.0672550237775043
0.1,Ablation A (acc. gates),seeds 0-1 (inspected),2,96.78999999999999,0.282842712474613,87.03,4.553767670841364
0.1,Ablation A (acc. gates),seeds 2-9 (unseen),8,96.57125,0.5073301967864998,89.62875,0.994232474970373
0.1,FedProx,seeds 0-9,10,94.169,1.5136449752538115,77.10299999999998,7.746943555005705
0.1,FedProx,seeds 0-1 (inspected),2,92.72999999999999,2.814284989122462,69.38,7.438763338082477
0.1,FedProx,seeds 2-9 (unseen),8,94.52875,1.0366903036656039,79.03375,6.92499806601314
0.1,FedAvg,seeds 0-9,10,88.299,3.1886271863191107,57.992,6.89891102517878
0.1,FedAvg,seeds 0-1 (inspected),2,85.725,3.8537319574666857,54.615,7.601397897755386
0.1,FedAvg,seeds 2-9 (unseen),8,88.9425,2.929923207184788,58.83625,6.990434152673004
0.1,Krum,seeds 0-9,10,90.91400000000002,3.5884357471064057,74.09,9.853076225784061
0.1,Krum,seeds 0-1 (inspected),2,91.53,3.2526911934581144,66.805,12.975409434773148
0.1,Krum,seeds 2-9 (unseen),8,90.75999999999999,3.8612211243890924,75.91125,9.04519357370058
0.1,Multi-Krum,seeds 0-9,10,94.461,1.7172940601099396,79.026,10.388424327105628
0.1,Multi-Krum,seeds 0-1 (inspected),2,92.74000000000001,1.1879393923933945,67.905,6.6114484040942205
0.1,Multi-Krum,seeds 2-9 (unseen),8,94.89124999999999,1.5913196455413063,81.80625,9.398870657842735
0.1,Median,seeds 0-9,10,94.55600000000001,1.506181337761898,78.22,10.973022474333233
0.1,Median,seeds 0-1 (inspected),2,93.99000000000001,1.781909088590097,70.89,8.456997102991114
0.1,Median,seeds 2-9 (unseen),8,94.6975,1.532558551666368,80.0525,11.19835415202992
0.1,Trimmed mean,seeds 0-9,10,94.58099999999999,1.554373400012577,78.54400000000001,9.805196128130794
0.1,Trimmed mean,seeds 0-1 (inspected),2,93.74000000000001,0.4949747468305853,75.125,0.03535533905933541
0.1,Trimmed mean,seeds 2-9 (unseen),8,94.79125,1.6789234433324878,79.39875,10.928675828166138
0.2,DyF-ZTL (v2.2),seeds 0-9,10,96.268,1.8679864382091578,87.36699999999999,5.97111017036754
0.2,DyF-ZTL (v2.2),seeds 0-1 (inspected),2,95.96000000000001,1.5132085117392122,85.28999999999999,5.43058007951268
0.2,DyF-ZTL (v2.2),seeds 2-9 (unseen),8,96.345,2.031094004998996,87.88625,6.331456473152807
0.2,FLTrust,seeds 0-9,10,96.027,0.28335490113989653,88.972,1.0394742260713679
0.2,FLTrust,seeds 0-1 (inspected),2,95.62,0.2545584412271567,87.53999999999999,1.3293607486307162
0.2,FLTrust,seeds 2-9 (unseen),8,96.12875,0.186581081570452,89.33,0.6359245238233858
0.2,Ablation A (acc. gates),seeds 0-9,10,96.642,0.4426636546082274,88.947,3.5925882035101107
0.2,Ablation A (acc. gates),seeds 0-1 (inspected),2,96.91499999999999,0.07778174593051983,90.03,1.0182337649086268
0.2,Ablation A (acc. gates),seeds 2-9 (unseen),8,96.57374999999999,0.4737671972001209,88.67625,4.0034126067643845
0.2,FedProx,seeds 0-9,10,93.01599999999999,3.469617974487809,76.474,8.42982298482925
0.2,FedProx,seeds 0-1 (inspected),2,93.705,0.8697413408594462,69.655,5.5225039610669375
0.2,FedProx,seeds 2-9 (unseen),8,92.84375,3.898735829910584,78.17875000000001,8.390575388919574
0.2,FedAvg,seeds 0-9,10,86.953,3.5381541012856492,57.61500000000001,7.258740708047551
0.2,FedAvg,seeds 0-1 (inspected),2,87.02000000000001,4.299209229614208,61.285,13.017835841644338
0.2,FedAvg,seeds 2-9 (unseen),8,86.93625,3.6678601683114547,56.697500000000005,6.2228559130262475
0.2,Krum,seeds 0-9,10,91.727,3.7381250499266176,75.528,12.073925809132854
0.2,Krum,seeds 0-1 (inspected),2,91.64,5.741707063234768,69.945,25.378062376785188
0.2,Krum,seeds 2-9 (unseen),8,91.74875,3.640566822036682,76.92375,9.181086050758298
0.2,Multi-Krum,seeds 0-9,10,91.628,3.1077315771404,80.307,3.488629307399174
0.2,Multi-Krum,seeds 0-1 (inspected),2,90.815,1.8172644276494223,76.75,3.676955262170039
0.2,Multi-Krum,seeds 2-9 (unseen),8,91.83125000000001,3.4219269320912495,81.19624999999999,3.032777781412377
0.2,Median,seeds 0-9,10,94.29599999999999,1.3340348154710537,79.93199999999999,7.61215957093211
0.2,Median,seeds 0-1 (inspected),2,94.14,0.8909545442950434,76.3,2.5880108191427613
0.2,Median,seeds 2-9 (unseen),8,94.33500000000001,1.4717433782519873,80.84,8.29654316998523
0.2,Trimmed mean,seeds 0-9,10,94.422,1.573084726121118,79.801,8.83259801970959
0.2,Trimmed mean,seeds 0-1 (inspected),2,93.39,0.18384776310849593,74.485,1.590990257669732
0.2,Trimmed mean,seeds 2-9 (unseen),8,94.67999999999999,1.6722525441537137,81.13,9.47894056768552
0.3,DyF-ZTL (v2.2),seeds 0-9,10,95.774,3.2390883491089486,86.79499999999999,8.053891054087526
0.3,DyF-ZTL (v2.2),seeds 0-1 (inspected),2,96.505,0.9545941546018452,88.14,4.582051942088821
0.3,DyF-ZTL (v2.2),seeds 2-9 (unseen),8,95.59125,3.628814987607623,86.45875,8.930435019799265
0.3,FLTrust,seeds 0-9,10,95.934,0.39007691549231666,88.27800000000002,2.038402424558124
0.3,FLTrust,seeds 0-1 (inspected),2,95.88,0.46669047558311894,88.73500000000001,0.27577164466275395
0.3,FLTrust,seeds 2-9 (unseen),8,95.9475,0.40432483404877756,88.16375,2.292770859524716
0.3,Ablation A (acc. gates),seeds 0-9,10,96.46,0.45445938579078166,88.077,2.7861245485440893
0.3,Ablation A (acc. gates),seeds 0-1 (inspected),2,96.85499999999999,0.19091883092036502,89.53,1.6404877323527856
0.3,Ablation A (acc. gates),seeds 2-9 (unseen),8,96.36125,0.45234113233267037,87.71375,2.9735305494599245
0.3,FedProx,seeds 0-9,10,90.964,3.774579299589411,71.16900000000001,10.059905510932442
0.3,FedProx,seeds 0-1 (inspected),2,89.245,0.6151828996322996,69.16,3.196122650963192
0.3,FedProx,seeds 2-9 (unseen),8,91.39375000000001,4.1483419665486325,71.67125,11.278993670283079
0.3,FedAvg,seeds 0-9,10,84.894,6.025199305140593,54.085,8.599760009571327
0.3,FedAvg,seeds 0-1 (inspected),2,82.25999999999999,0.056568542494922595,49.144999999999996,2.5809397513308974
0.3,FedAvg,seeds 2-9 (unseen),8,85.5525,6.648084041930536,55.32,9.242236896830923
0.3,Krum,seeds 0-9,10,92.006,3.2748509720121444,75.41499999999999,7.074097115533542
0.3,Krum,seeds 0-1 (inspected),2,91.66,2.44658946290545,67.735,5.890199487283945
0.3,Krum,seeds 2-9 (unseen),8,92.0925,3.590398903424839,77.33500000000001,6.190259629911679
0.3,Multi-Krum,seeds 0-9,10,75.14,18.077027164639407,68.15,14.724069485784907
0.3,Multi-Krum,seeds 0-1 (inspected),2,63.05500000000001,26.80641807478202,56.41,15.018948032402271
0.3,Multi-Krum,seeds 2-9 (unseen),8,78.16125,16.288944925492082,71.08500000000001,14.046078252868817
0.3,Median,seeds 0-9,10,92.65899999999999,3.6673285766193486,76.249,11.307328449579353
0.3,Median,seeds 0-1 (inspected),2,92.065,1.0960155108391465,72.34,0.5374011537017798
0.3,Median,seeds 2-9 (unseen),8,92.8075,4.1224186728528345,77.22625000000001,12.605053337564943
0.3,Trimmed mean,seeds 0-9,10,92.333,3.23581708726285,76.85900000000001,10.623505855727037
0.3,Trimmed mean,seeds 0-1 (inspected),2,92.2,0.42426406871192446,76.985,0.5727564927611051
0.3,Trimmed mean,seeds 2-9 (unseen),8,92.36625000000001,3.664703993113615,76.82749999999999,12.043742595816537
0.4,DyF-ZTL (v2.2),seeds 0-9,10,96.7,0.981755796746036,89.191,3.0974342428676156
0.4,DyF-ZTL (v2.2),seeds 0-1 (inspected),2,96.755,0.1767766952966369,88.02000000000001,0.3818376618407401
0.4,DyF-ZTL (v2.2),seeds 2-9 (unseen),8,96.68625,1.1107132521814207,89.48374999999999,3.4387079695722913
0.4,FLTrust,seeds 0-9,10,95.601,1.2270330068910122,88.317,2.235943996515914
0.4,FLTrust,seeds 0-1 (inspected),2,96.07,0.2545584412271567,89.11000000000001,1.315218613006978
0.4,FLTrust,seeds 2-9 (unseen),8,95.48375,1.3594004718467407,88.11875,2.4405235825828147
0.4,Ablation A (acc. gates),seeds 0-9,10,96.333,0.6928531991378523,88.419,2.687867597598926
0.4,Ablation A (acc. gates),seeds 0-1 (inspected),2,95.675,1.435426765808692,85.60499999999999,4.560838738653233
0.4,Ablation A (acc. gates),seeds 2-9 (unseen),8,96.4975,0.41014805689095735,89.1225,1.867922834135743
0.4,FedProx,seeds 0-9,10,80.16,18.530015890141296,59.238,19.692328906906308
0.4,FedProx,seeds 0-1 (inspected),2,70.375,2.609224022578359,49.635000000000005,6.173042199758558
0.4,FedProx,seeds 2-9 (unseen),8,82.60625,20.156813054151193,61.63875,21.452405417907933
0.4,FedAvg,seeds 0-9,10,72.139,24.943421065372018,44.520999999999994,17.490313795546
0.4,FedAvg,seeds 0-1 (inspected),2,56.03,32.51276979895745,31.125,19.32522832982834
0.4,FedAvg,seeds 2-9 (unseen),8,76.16625,23.58491766089991,47.87,16.60939149139082
0.4,Krum,seeds 0-9,10,83.602,16.129617202869728,65.72,23.436444554013164
0.4,Krum,seeds 0-1 (inspected),2,88.055,3.8820162287141424,74.97999999999999,5.996265504461926
0.4,Krum,seeds 2-9 (unseen),8,82.48875,18.035036882611102,63.405,25.892851192117543
0.4,Multi-Krum,seeds 0-9,10,55.068,35.10668337763876,44.477,28.017035313854635
0.4,Multi-Krum,seeds 0-1 (inspected),2,86.94,8.824692629208117,68.50999999999999,20.633375875023454
0.4,Multi-Krum,seeds 2-9 (unseen),8,47.099999999999994,34.795066973843944,38.46875,27.242009280573583
0.4,Median,seeds 0-9,10,87.72,5.67032430975317,67.283,12.083121423429187
0.4,Median,seeds 0-1 (inspected),2,80.49000000000001,1.2727922061357835,52.900000000000006,2.2061731573020267
0.4,Median,seeds 2-9 (unseen),8,89.5275,4.736951249786842,70.87875,10.636678371828035
0.4,Trimmed mean,seeds 0-9,10,87.694,5.1243063487222855,68.457,12.155913101586952
0.4,Trimmed mean,seeds 0-1 (inspected),2,87.745,1.124299782086613,69.62,0.5091168824543134
0.4,Trimmed mean,seeds 2-9 (unseen),8,87.68125,5.794777051054555,68.16624999999999,13.76463059283259
0.5,DyF-ZTL (v2.2),seeds 0-9,10,95.674,4.091900400656021,86.386,10.494156257439448
0.5,DyF-ZTL (v2.2),seeds 0-1 (inspected),2,96.75,0.04242640687119446,90.67,0.7919595949289364
0.5,DyF-ZTL (v2.2),seeds 2-9 (unseen),8,95.405,4.594975516800936,85.315,11.6167182481604
0.5,FLTrust,seeds 0-9,10,95.503,1.0149444429239578,87.351,3.380149404981975
0.5,FLTrust,seeds 0-1 (inspected),2,94.69999999999999,1.7111984104714462,83.735,8.152941187080893
0.5,FLTrust,seeds 2-9 (unseen),8,95.70375,0.8220868480363164,88.255,0.7240363053249264
0.5,Ablation A (acc. gates),seeds 0-9,10,96.308,0.5632800763780366,87.35600000000001,4.656035986878874
0.5,Ablation A (acc. gates),seeds 0-1 (inspected),2,96.33,1.2586500705120554,89.355,3.273904396893712
0.5,Ablation A (acc. gates),seeds 2-9 (unseen),8,96.30250000000001,0.42596948247498045,86.85624999999999,4.991415308879266
0.5,FedProx,seeds 0-9,10,55.291,28.053942662108813,42.867000000000004,21.16797373917074
0.5,FedProx,seeds 0-1 (inspected),2,44.980000000000004,17.18269478283311,33.995000000000005,16.0159685938753
0.5,FedProx,seeds 2-9 (unseen),8,57.86874999999999,30.52440823692223,45.084999999999994,22.61306765061805
0.5,FedAvg,seeds 0-9,10,53.85,30.73411061923796,31.074,19.161064224677663
0.5,FedAvg,seeds 0-1 (inspected),2,39.86,41.11118825818588,20.89,23.97091988222396
0.5,FedAvg,seeds 2-9 (unseen),8,57.347500000000004,30.051954892438246,33.620000000000005,18.78611873546149
0.5,Krum,seeds 0-9,10,32.257000000000005,42.67292845977803,22.464000000000006,33.07299912483159
0.5,Krum,seeds 0-1 (inspected),2,0.635,0.06363961030678934,0.5650000000000001,0.4737615433949869
0.5,Krum,seeds 2-9 (unseen),8,40.1625,44.54360327653279,27.938750000000002,35.14311452068934
0.5,Multi-Krum,seeds 0-9,10,39.578,39.77325114529445,32.461,28.73828938309771
0.5,Multi-Krum,seeds 0-1 (inspected),2,4.85,2.701147904132611,7.0,6.378103166302659
0.5,Multi-Krum,seeds 2-9 (unseen),8,48.26,40.026459819902705,38.82625,28.71452342207934
0.5,Median,seeds 0-9,10,45.167,27.28298006287273,35.419,10.498715741566786
0.5,Median,seeds 0-1 (inspected),2,18.965,3.4436100243784846,24.185000000000002,0.5444722215136413
0.5,Median,seeds 2-9 (unseen),8,51.7175,26.648582245858513,38.227500000000006,9.828558606719213
0.5,Trimmed mean,seeds 0-9,10,52.88000000000001,23.86526159737436,35.706,18.263888596535697
0.5,Trimmed mean,seeds 0-1 (inspected),2,59.475,7.148849557795995,47.565,0.6010407640085664
0.5,Trimmed mean,seeds 2-9 (unseen),8,51.23125,26.635409534516803,32.74125,19.457557061093624
0.6,DyF-ZTL (v2.2),seeds 0-9,10,96.364,1.0403546403884467,88.12800000000001,4.7407753702438935
0.6,DyF-ZTL (v2.2),seeds 0-1 (inspected),2,96.685,0.07778174593051983,89.775,0.4596194077712498
0.6,DyF-ZTL (v2.2),seeds 2-9 (unseen),8,96.28375,1.1635774576709519,87.71625,5.281798766924553
0.6,FLTrust,seeds 0-9,10,95.191,1.3719284885801362,86.148,3.5552771418773452
0.6,FLTrust,seeds 0-1 (inspected),2,92.945,1.8031222920256942,79.995,0.13435028842544242
0.6,FLTrust,seeds 2-9 (unseen),8,95.7525,0.3922735925710177,87.68625,1.6515528407272622
0.6,Ablation A (acc. gates),seeds 0-9,10,94.91599999999998,4.265534224715845,84.526,12.407338509482559
0.6,Ablation A (acc. gates),seeds 0-1 (inspected),2,89.745,9.652007563196367,69.485,28.37619512901615
0.6,Ablation A (acc. gates),seeds 2-9 (unseen),8,96.20875,0.7313087583230454,88.28625,1.4486835156691165
0.6,FedProx,seeds 0-9,10,28.340999999999998,25.46663675827214,20.762999999999998,17.638129183989758
0.6,FedProx,seeds 0-1 (inspected),2,18.189999999999998,23.843640661610383,16.1,21.227345571220155
0.6,FedProx,seeds 2-9 (unseen),8,30.878750000000004,26.755026463665263,21.92875,18.106720486761656
0.6,FedAvg,seeds 0-9,10,29.967999999999996,25.308140894889053,20.378,18.317212184779162
0.6,FedAvg,seeds 0-1 (inspected),2,34.585,23.341594846967936,23.175,17.84030408933659
0.6,FedAvg,seeds 2-9 (unseen),8,28.81375,27.167197098970036,19.67875,19.573480190955166
0.6,Krum,seeds 0-9,10,17.871000000000002,35.9442155599788,13.040000000000001,26.76280711069832
0.6,Krum,seeds 0-1 (inspected),2,0.23,0.05656854249492382,0.09,0.028284271247461894
0.6,Krum,seeds 2-9 (unseen),8,22.28125,39.36979314779289,16.2775,29.34273711548688
0.6,Multi-Krum,seeds 0-9,10,40.611,27.765563583531147,20.865999999999996,14.569732858071061
0.6,Multi-Krum,seeds 0-1 (inspected),2,60.724999999999994,16.765501781933043,29.715000000000003,9.128748545118329
0.6,Multi-Krum,seeds 2-9 (unseen),8,35.5825,28.399758927548262,18.653750000000002,15.266199768021604
0.6,Median,seeds 0-9,10,6.215999999999999,6.108911887107593,5.894,6.254540039931883
0.6,Median,seeds 0-1 (inspected),2,3.675,2.708218971944477,1.87,0.7071067811865476
0.6,Median,seeds 2-9 (unseen),8,6.85125,6.680388007336956,6.9,6.666461901617251
0.6,Trimmed mean,seeds 0-9,10,8.218,10.910069558796488,8.876999999999999,6.066490931520646
0.6,Trimmed mean,seeds 0-1 (inspected),2,4.4399999999999995,2.3475945135393377,8.02,6.038691911333116
0.6,Trimmed mean,seeds 2-9 (unseen),8,9.1625,12.13067039720865,9.09125,6.468814061104466
0.7,DyF-ZTL (v2.2),seeds 0-9,10,96.59600000000002,1.1060861931453028,90.048,1.8968617357215176
0.7,DyF-ZTL (v2.2),seeds 0-1 (inspected),2,95.285,2.411234123846125,87.595,2.3122391744800175
0.7,DyF-ZTL (v2.2),seeds 2-9 (unseen),8,96.92375000000001,0.3585660927320701,90.66125,1.3089410932942271
0.7,FLTrust,seeds 0-9,10,93.285,7.365313978371866,85.546,5.282079136097832
0.7,FLTrust,seeds 0-1 (inspected),2,95.12,1.2445079348883272,86.135,3.66988419435818
0.7,FLTrust,seeds 2-9 (unseen),8,92.82625,8.26579688924702,85.39875,5.8158390562816855
0.7,Ablation A (acc. gates),seeds 0-9,10,94.73999999999998,4.23482650831832,83.76599999999999,12.648384350053043
0.7,Ablation A (acc. gates),seeds 0-1 (inspected),2,89.745,9.680291834443834,69.865,28.234773772778844
0.7,Ablation A (acc. gates),seeds 2-9 (unseen),8,95.98875,0.8718361166444738,87.24125000000001,4.774002326589895
0.7,FedProx,seeds 0-9,10,4.402,4.4381497646354084,2.8170000000000006,3.183830851174241
0.7,FedProx,seeds 0-1 (inspected),2,1.46,0.9616652224137047,0.9550000000000001,0.13435028842544408
0.7,FedProx,seeds 2-9 (unseen),8,5.1375,4.701236159625617,3.2825,3.4339762458617646
0.7,FedAvg,seeds 0-9,10,10.238,8.736833649682374,4.4079999999999995,4.282402752349822
0.7,FedAvg,seeds 0-1 (inspected),2,3.04,0.04242640687119289,1.625,0.7000357133746822
0.7,FedAvg,seeds 2-9 (unseen),8,12.037500000000001,8.92396892803709,5.10375,4.5544011288924855
0.7,Krum,seeds 0-9,10,0.9969999999999999,0.6490172057298121,0.8360000000000001,1.2697348804638968
0.7,Krum,seeds 0-1 (inspected),2,0.37,0.25455844122715715,0.42000000000000004,0.4949747468305833
0.7,Krum,seeds 2-9 (unseen),8,1.15375,0.6260291526758159,0.94,1.4057229964886904
0.7,Multi-Krum,seeds 0-9,10,24.380000000000003,20.756661581285176,15.149000000000001,10.249480691451858
0.7,Multi-Krum,seeds 0-1 (inspected),2,27.285,28.602469298995846,12.58,10.196479784710014
0.7,Multi-Krum,seeds 2-9 (unseen),8,23.653750000000002,20.833874159646832,15.79125,10.856196963025312
0.7,Median,seeds 0-9,10,2.1830000000000003,3.005476667685178,1.2070000000000003,1.251195428380395
0.7,Median,seeds 0-1 (inspected),2,1.495,0.7000357133746821,0.78,0.0
0.7,Median,seeds 2-9 (unseen),8,2.355,3.3726335619004244,1.31375,1.3955842350581555
0.7,Trimmed mean,seeds 0-9,10,1.9759999999999998,2.871922314022052,1.554,1.6285521859069245
0.7,Trimmed mean,seeds 0-1 (inspected),2,0.815,0.4596194077712558,2.78,3.097127701597078
0.7,Trimmed mean,seeds 2-9 (unseen),8,2.26625,3.1769344500634573,1.2475,1.2258961736507004
0.8,DyF-ZTL (v2.2),seeds 0-9,10,96.41499999999999,0.9401211505852708,89.14500000000001,3.858183942392243
0.8,DyF-ZTL (v2.2),seeds 0-1 (inspected),2,96.64,0.33941125496953556,90.765,0.6858935777509503
0.8,DyF-ZTL (v2.2),seeds 2-9 (unseen),8,96.35874999999999,1.0496725679944174,88.74,4.2584168755200915
0.8,FLTrust,seeds 0-9,10,95.102,0.8562943419175425,84.91499999999999,4.167237960834757
0.8,FLTrust,seeds 0-1 (inspected),2,94.765,1.7324116139070334,81.93,9.800499987245548
0.8,FLTrust,seeds 2-9 (unseen),8,95.18625,0.6880601614061712,85.66125000000001,2.3289325421132925
0.8,Ablation A (acc. gates),seeds 0-9,10,95.23100000000001,1.6667896621282994,86.30499999999999,3.413783336221952
0.8,Ablation A (acc. gates),seeds 0-1 (inspected),2,93.77000000000001,3.5072496346852713,85.09,5.331585130146572
0.8,Ablation A (acc. gates),seeds 2-9 (unseen),8,95.59625,1.0258506922828206,86.60875,3.2242139130558427
0.8,FedProx,seeds 0-9,10,2.043,2.1779809712463307,1.048,1.0880236925524902
0.8,FedProx,seeds 0-1 (inspected),2,2.37,2.248599564173221,0.855,0.7848885271170677
0.8,FedProx,seeds 2-9 (unseen),8,1.96125,2.3105004869075447,1.09625,1.1919364496482185
0.8,FedAvg,seeds 0-9,10,6.381,4.447971947353586,2.639,1.816244293406956
0.8,FedAvg,seeds 0-1 (inspected),2,5.595000000000001,6.526595590351834,1.86,2.135462479183374
0.8,FedAvg,seeds 2-9 (unseen),8,6.577500000000001,4.373934972408385,2.83375,1.8365879660780904
0.8,Krum,seeds 0-9,10,0.953,0.5478452741828157,0.521,0.5559866105502103
0.8,Krum,seeds 0-1 (inspected),2,0.515,0.10606601717798211,0.305,0.021213203435596444
0.8,Krum,seeds 2-9 (unseen),8,1.0625,0.561929075341618,0.575,0.6170204905141204
0.8,Multi-Krum,seeds 0-9,10,5.455,11.681121759298444,3.3880000000000003,5.2991861010284715
0.8,Multi-Krum,seeds 0-1 (inspected),2,21.055,24.76995054496476,11.934999999999999,7.799387796487618
0.8,Multi-Krum,seeds 2-9 (unseen),8,1.555,0.9325081386086819,1.25125,1.1510174070919046
0.8,Median,seeds 0-9,10,0.638,0.1858195062120468,0.324,0.14554113584214678
0.8,Median,seeds 0-1 (inspected),2,0.7949999999999999,0.3181980515339464,0.375,0.1767766952966369
0.8,Median,seeds 2-9 (unseen),8,0.59875,0.14535056145156686,0.31125,0.14778725056164838
0.8,Trimmed mean,seeds 0-9,10,0.8720000000000001,0.6589351679456452,0.386,0.24454947238635463
0.8,Trimmed mean,seeds 0-1 (inspected),2,1.115,0.3181980515339464,0.57,0.1979898987322333
0.8,Trimmed mean,seeds 2-9 (unseen),8,0.81125,0.7229787094276804,0.33999999999999997,0.2433105012119288
0.9,DyF-ZTL (v2.2),seeds 0-9,10,94.96799999999999,4.394637641489913,82.28200000000001,13.313956586980447
0.9,DyF-ZTL (v2.2),seeds 0-1 (inspected),2,95.73,1.880904037956214,83.12,11.921820330805192
0.9,DyF-ZTL (v2.2),seeds 2-9 (unseen),8,94.7775,4.9110102248490035,82.07249999999999,14.399739828998896
0.9,FLTrust,seeds 0-9,10,91.059,5.821153856601129,73.887,13.672992885408975
0.9,FLTrust,seeds 0-1 (inspected),2,90.505,6.11647365726363,77.64500000000001,9.538870478206523
0.9,FLTrust,seeds 2-9 (unseen),8,91.19749999999999,6.173606841107669,72.94749999999999,14.910495584367027
0.9,Ablation A (acc. gates),seeds 0-9,10,91.99,5.094967015485858,72.254,14.7057291934508
0.9,Ablation A (acc. gates),seeds 0-1 (inspected),2,89.18,9.121677477306458,66.72,26.855915549465074
0.9,Ablation A (acc. gates),seeds 2-9 (unseen),8,92.6925,4.320762994789561,73.6375,12.809166081922964
0.9,FedProx,seeds 0-9,10,1.419,0.876095504687322,0.596,0.38638495484857244
0.9,FedProx,seeds 0-1 (inspected),2,1.6199999999999999,0.5798275605729689,0.575,0.17677669529663684
0.9,FedProx,seeds 2-9 (unseen),8,1.36875,0.9614488694524679,0.6012500000000001,0.43281264504897005
0.9,FedAvg,seeds 0-9,10,6.772,3.9690659410552054,2.6109999999999998,1.2899220476016715
0.9,FedAvg,seeds 0-1 (inspected),2,9.49,1.2586500705120554,2.99,0.3535533905932738
0.9,FedAvg,seeds 2-9 (unseen),8,6.092499999999999,4.170103630092936,2.5162500000000003,1.4387984818690112
0.9,Krum,seeds 0-9,10,1.0390000000000001,0.8874739432794633,0.544,0.6139887802087447
0.9,Krum,seeds 0-1 (inspected),2,0.13,0.05656854249492382,0.07,0.042426406871192854
0.9,Krum,seeds 2-9 (unseen),8,1.2662499999999999,0.8468080824906128,0.6625,0.6357616354757946
0.9,Multi-Krum,seeds 0-9,10,0.5290000000000001,0.3507278146939589,0.44399999999999995,0.8376315817032371
0.9,Multi-Krum,seeds 0-1 (inspected),2,0.69,0.7353910524340094,1.44,1.9374725804511401
0.9,Multi-Krum,seeds 2-9 (unseen),8,0.48875,0.26765849777014633,0.195,0.10743768958264667
0.9,Median,seeds 0-9,10,0.728,0.579574556607402,0.28300000000000003,0.21013487732089284
0.9,Median,seeds 0-1 (inspected),2,0.485,0.12020815280171303,0.19,0.042426406871192854
0.9,Median,seeds 2-9 (unseen),8,0.7887500000000001,0.6393174373613516,0.30625,0.23114234946085868
0.9,Trimmed mean,seeds 0-9,10,0.669,0.410729702954253,0.2720000000000001,0.1455105952614219
0.9,Trimmed mean,seeds 0-1 (inspected),2,0.505,0.3323401871576773,0.185,0.12020815280171308
0.9,Trimmed mean,seeds 2-9 (unseen),8,0.71,0.4376234519701678,0.29375,0.14985111658862318
