ratio,competitor,subset,n,d_acc,d_acc_sd,p_t,p_wilcoxon,p_t_holm
0.0,FLTrust,seeds 2-9 (unseen),8,0.764999999999997,0.4399025866192264,0.0017161866538568597,0.015625,0.017161866538568597
0.0,FLTrust,seeds 0-1 (inspected),2,0.5850000000000009,0.8273149339882618,,,1.0
0.0,FLTrust,seeds 0-9,10,0.7289999999999978,0.48199700321797784,0.0009973528437384946,0.0078125,0.009973528437384947
0.0,Ablation A (acc. gates),seeds 2-9 (unseen),8,0.48999999999999666,0.6186390593183454,0.06005241589868326,0.078125,0.5404717430881493
0.0,Ablation A (acc. gates),seeds 0-1 (inspected),2,-0.23499999999999943,0.2757716446627439,,,1.0
0.0,Ablation A (acc. gates),seeds 0-9,10,0.3449999999999974,0.6321084646728841,0.11843584932275296,0.193359375,1.0
0.1,FLTrust,seeds 2-9 (unseen),8,0.8112500000000029,0.48271368325333425,0.0020751502685252008,0.015625,0.018676352416726806
0.1,FLTrust,seeds 0-1 (inspected),2,1.1849999999999952,1.590990257669742,,,1.0
0.1,FLTrust,seeds 0-9,10,0.8860000000000013,0.698079906282625,0.003047531657616664,0.00390625,0.027427784918549976
0.1,Ablation A (acc. gates),seeds 2-9 (unseen),8,0.5024999999999995,0.775661008430871,0.10956677139263396,0.1484375,0.8765341711410717
0.1,Ablation A (acc. gates),seeds 0-1 (inspected),2,-0.30000000000000426,0.2687005768508949,,,1.0
0.1,Ablation A (acc. gates),seeds 0-9,10,0.34199999999999875,0.7684153969190236,0.19288275687529222,0.232421875,1.0
0.2,FLTrust,seeds 2-9 (unseen),8,0.21624999999999694,2.05691820449915,0.7748216282015093,0.1953125,1.0
0.2,FLTrust,seeds 0-1 (inspected),2,0.3400000000000034,1.7677669529663689,,,1.0
0.2,FLTrust,seeds 0-9,10,0.24099999999999824,1.9080499061723857,0.6988979327693559,0.193359375,1.0
0.2,Ablation A (acc. gates),seeds 2-9 (unseen),8,-0.2287499999999998,1.8831921038492065,0.7412601640849639,0.546875,1.0
0.2,Ablation A (acc. gates),seeds 0-1 (inspected),2,-0.9549999999999983,1.590990257669732,,,1.0
0.2,Ablation A (acc. gates),seeds 0-9,10,-0.3739999999999995,1.7701236617190839,0.520808375841503,0.845703125,1.0
0.3,FLTrust,seeds 2-9 (unseen),8,-0.3562499999999975,3.80875284237317,0.7989721472293695,0.1953125,1.0
0.3,FLTrust,seeds 0-1 (inspected),2,0.6250000000000071,0.4879036790187262,,,1.0
0.3,FLTrust,seeds 0-9,10,-0.1599999999999966,3.3882935724835486,0.8845880802106609,0.083984375,1.0
0.3,Ablation A (acc. gates),seeds 2-9 (unseen),8,-0.7699999999999978,3.532283761453568,0.5570325464455642,0.3828125,1.0
0.3,Ablation A (acc. gates),seeds 0-1 (inspected),2,-0.3499999999999943,1.1455129855222101,,,1.0
0.3,Ablation A (acc. gates),seeds 0-9,10,-0.6859999999999971,3.1434878010826695,0.5075343259281951,0.4921875,1.0
0.4,FLTrust,seeds 2-9 (unseen),8,1.2025000000000006,1.6497683820117635,0.07817874945567256,0.0625,0.5472512461897079
0.4,FLTrust,seeds 0-1 (inspected),2,0.6849999999999952,0.43133513652379357,,,1.0
0.4,FLTrust,seeds 0-9,10,1.0989999999999995,1.478238065325669,0.04323393679295237,0.021484375,0.30263755755066657
0.4,Ablation A (acc. gates),seeds 2-9 (unseen),8,0.18875000000000064,1.1980154721156868,0.6693243253846708,0.2890625,1.0
0.4,Ablation A (acc. gates),seeds 0-1 (inspected),2,1.0799999999999983,1.2586500705120554,,,1.0
0.4,Ablation A (acc. gates),seeds 0-9,10,0.36700000000000016,1.1973029877372077,0.35771739488073595,0.150390625,1.0
0.5,FLTrust,seeds 2-9 (unseen),8,-0.2987499999999983,3.778569031865297,0.8294333215307503,0.1875,1.0
0.5,FLTrust,seeds 0-1 (inspected),2,2.0500000000000043,1.6687720036002518,,,1.0
0.5,FLTrust,seeds 0-9,10,0.1710000000000022,3.5206453006989147,0.8813187486171267,0.080078125,1.0
0.5,Ablation A (acc. gates),seeds 2-9 (unseen),8,-0.8975000000000009,4.702661100756832,0.6060701027695274,0.1953125,1.0
0.5,Ablation A (acc. gates),seeds 0-1 (inspected),2,0.4200000000000017,1.216223663640861,,,1.0
0.5,Ablation A (acc. gates),seeds 0-9,10,-0.6340000000000003,4.203988053688494,0.6447995927333865,0.16015625,1.0
0.6,FLTrust,seeds 2-9 (unseen),8,0.53125,1.2099756491056202,0.2542861174866722,0.1953125,1.0
0.6,FLTrust,seeds 0-1 (inspected),2,3.739999999999995,1.7253405460951743,,,1.0
0.6,FLTrust,seeds 0-9,10,1.172999999999999,1.8165538191250399,0.07153666181193633,0.048828125,0.42921997087161795
0.6,Ablation A (acc. gates),seeds 2-9 (unseen),8,0.07500000000000284,0.9062481527074775,0.8216237582224664,0.84375,1.0
0.6,Ablation A (acc. gates),seeds 0-1 (inspected),2,6.939999999999998,9.574225817265848,,,1.0
0.6,Ablation A (acc. gates),seeds 0-9,10,1.4480000000000017,4.382033520841409,0.32330175291207314,0.431640625,1.0
0.7,FLTrust,seeds 2-9 (unseen),8,4.097499999999998,8.156835433286263,0.19834333751001576,0.0078125,1.0
0.7,FLTrust,seeds 0-1 (inspected),2,0.16499999999999915,1.1667261889577973,,,1.0
0.7,FLTrust,seeds 0-9,10,3.3109999999999986,7.392505889976236,0.19034289565329557,0.005859375,0.7613715826131823
0.7,Ablation A (acc. gates),seeds 2-9 (unseen),8,0.9350000000000023,1.0220847043455576,0.036079253755170286,0.0546875,0.3607925375517029
0.7,Ablation A (acc. gates),seeds 0-1 (inspected),2,5.539999999999992,7.26905771059771,,,1.0
0.7,Ablation A (acc. gates),seeds 0-9,10,1.8560000000000003,3.2331862509501863,0.10286789619544713,0.01953125,1.0
0.8,FLTrust,seeds 2-9 (unseen),8,1.1724999999999994,1.236016065545151,0.031398816409860385,0.0546875,0.2511905312788831
0.8,FLTrust,seeds 0-1 (inspected),2,1.875,2.071822868876569,,,1.0
0.8,FLTrust,seeds 0-9,10,1.3129999999999995,1.3239759145174115,0.012003910583606035,0.01953125,0.09603128466884828
0.8,Ablation A (acc. gates),seeds 2-9 (unseen),8,0.7625000000000011,1.5107212090351285,0.19646520511524848,0.1953125,1.0
0.8,Ablation A (acc. gates),seeds 0-1 (inspected),2,2.8699999999999974,3.8466608896548067,,,1.0
0.8,Ablation A (acc. gates),seeds 0-9,10,1.1840000000000004,2.051537093119309,0.10129006955645896,0.064453125,1.0
0.9,FLTrust,seeds 2-9 (unseen),8,3.5799999999999983,8.262803052579327,0.2600280709726672,0.109375,1.0
0.9,FLTrust,seeds 0-1 (inspected),2,5.225000000000001,4.235569619307416,,,1.0
0.9,FLTrust,seeds 0-9,10,3.908999999999999,7.454954281102823,0.13166585429896713,0.048828125,0.6583292714948357
0.9,Ablation A (acc. gates),seeds 2-9 (unseen),8,2.0850000000000026,5.884607038707006,0.3496464149885504,0.1484375,1.0
0.9,Ablation A (acc. gates),seeds 0-1 (inspected),2,6.550000000000004,7.240773439350243,,,1.0
0.9,Ablation A (acc. gates),seeds 0-9,10,2.978000000000003,6.025196723390498,0.15249388960828178,0.048828125,1.0
