exp,attack,schedule,participation,ratio,seed,malicious_rejection,honest_rejection,precision_reject,recall_reject,mean_admitted,empty_rounds,time_to_exclusion,time_to_rehabilitation
cyclic,cyclic_flip,static,1.0,0.1,0,1.0,0.022777777777777786,0.8298755186721992,1.0,17.59,0,0.0,10.25
cyclic,cyclic_flip,static,1.0,0.2,0,0.895,0.04625000000000001,0.8287037037037037,0.895,15.68,0,0.0,37.0
cyclic,cyclic_flip,static,1.0,0.3,0,0.9516666666666667,0.03642857142857148,0.9180064308681672,0.9516666666666667,13.78,0,0.0,12.75
cyclic,cyclic_flip,static,1.0,0.4,0,0.96875,0.015000000000000013,0.9773013871374527,0.96875,12.07,0,0.0,6.0
cyclic,cyclic_flip,static,1.0,0.5,0,0.982,0.009000000000000008,0.9909182643794148,0.982,10.09,0,0.0,3.0
cyclic,cyclic_flip,static,1.0,0.6,0,0.99,0.01749999999999996,0.9883527454242929,0.99,7.98,0,0.0,14.0
cyclic,cyclic_flip,static,1.0,0.7,0,0.9928571428571429,0.02833333333333332,0.9879175550817342,0.9928571428571429,5.93,0,0.0,17.0
cyclic,cyclic_flip,static,1.0,0.8,0,0.99875,0.19499999999999995,0.9534606205250596,0.99875,3.24,5,0.0,3.736842105263158
cyclic,cyclic_flip,static,1.0,0.9,0,0.9988888888888889,0.45499999999999996,0.9518263631551085,0.9988888888888889,1.11,40,0.0,10.0
cyclic,cyclic_flip,static,1.0,0.1,1,1.0,0.14833333333333332,0.4282655246252677,1.0,15.33,0,0.0,10.916666666666666
cyclic,cyclic_flip,static,1.0,0.2,1,1.0,0.16312499999999996,0.6051437216338881,1.0,13.39,0,0.0,6.8
cyclic,cyclic_flip,static,1.0,0.3,1,1.0,0.25071428571428567,0.6309148264984227,1.0,10.49,0,0.0,9.65
cyclic,cyclic_flip,static,1.0,0.4,1,1.0,0.1725,0.7944389275074478,1.0,9.93,0,0.0,5.65
cyclic,cyclic_flip,static,1.0,0.5,1,0.997,0.20599999999999996,0.828761429758936,0.997,7.97,0,0.0,15.333333333333334
cyclic,cyclic_flip,static,1.0,0.6,1,1.0,0.2925,0.8368200836820083,1.0,5.66,0,0.0,7.714285714285714
cyclic,cyclic_flip,static,1.0,0.7,1,0.9907142857142857,0.30333333333333334,0.8840025493945188,0.9907142857142857,4.31,0,0.0,13.142857142857142
cyclic,cyclic_flip,static,1.0,0.8,1,1.0,0.1875,0.9552238805970149,1.0,3.25,15,0.0,8.5
cyclic,cyclic_flip,static,1.0,0.9,1,1.0,0.08999999999999997,0.9900990099009901,1.0,1.82,7,0.0,6.0
cyclic,cyclic_flip,static,1.0,0.1,2,1.0,0.13777777777777778,0.44642857142857145,1.0,15.52,0,0.0,6.25
cyclic,cyclic_flip,static,1.0,0.2,2,1.0,0.21250000000000002,0.5405405405405406,1.0,12.6,0,0.0,6.3
cyclic,cyclic_flip,static,1.0,0.3,2,1.0,0.22928571428571431,0.6514657980456026,1.0,10.79,0,0.0,7.352941176470588
cyclic,cyclic_flip,static,1.0,0.4,2,1.0,0.20833333333333337,0.7619047619047619,1.0,9.5,0,0.0,5.294117647058823
cyclic,cyclic_flip,static,1.0,0.5,2,1.0,0.278,0.7824726134585289,1.0,7.22,0,0.0,2.8
cyclic,cyclic_flip,static,1.0,0.6,2,1.0,0.13,0.9202453987730062,1.0,6.96,0,0.0,7.0
cyclic,cyclic_flip,static,1.0,0.7,2,1.0,0.2816666666666666,0.8922880815806246,1.0,4.31,0,0.0,3.2
cyclic,cyclic_flip,static,1.0,0.8,2,1.0,0.42000000000000004,0.9049773755656109,1.0,2.32,35,0.0,23.5
cyclic,cyclic_flip,static,1.0,0.9,2,1.0,0.18999999999999995,0.9793253536452666,1.0,1.62,11,0.0,6.25
cyclic,cyclic_flip,static,1.0,0.1,3,1.0,0.1316666666666667,0.4576659038901602,1.0,15.63,0,0.0,7.125
cyclic,cyclic_flip,static,1.0,0.2,3,1.0,0.11187499999999995,0.690846286701209,1.0,14.21,0,0.0,1.0
cyclic,cyclic_flip,static,1.0,0.3,3,1.0,0.11857142857142855,0.783289817232376,1.0,12.34,0,0.0,10.333333333333334
cyclic,cyclic_flip,static,1.0,0.4,3,1.0,0.10416666666666663,0.8648648648648649,1.0,10.75,0,0.0,2.1
cyclic,cyclic_flip,static,1.0,0.5,3,1.0,0.13,0.8849557522123894,1.0,8.7,0,0.0,8.5
cyclic,cyclic_flip,static,1.0,0.6,3,0.9975,0.1825,0.8912881608339538,0.9975,6.57,0,0.0,4.0
cyclic,cyclic_flip,static,1.0,0.7,3,1.0,0.08999999999999997,0.9628610729023384,1.0,5.46,2,0.0,6.25
cyclic,cyclic_flip,static,1.0,0.8,3,1.0,0.0,1.0,1.0,4.0,0,0.0,
cyclic,cyclic_flip,static,1.0,0.9,3,0.9894444444444445,0.0,1.0,0.9894444444444445,2.19,0,0.0,
cyclic,cyclic_flip,static,1.0,0.1,4,1.0,0.06333333333333335,0.6369426751592356,1.0,16.86,0,0.0,6.818181818181818
cyclic,cyclic_flip,static,1.0,0.2,4,1.0,0.053749999999999964,0.823045267489712,1.0,15.14,0,0.0,9.25
cyclic,cyclic_flip,static,1.0,0.3,4,1.0,0.14071428571428568,0.7528230865746549,1.0,12.03,0,0.0,7.7727272727272725
cyclic,cyclic_flip,static,1.0,0.4,4,1.0,0.15916666666666668,0.8072653884964682,1.0,10.09,0,0.0,7.142857142857143
cyclic,cyclic_flip,static,1.0,0.5,4,1.0,0.08499999999999996,0.9216589861751152,1.0,9.15,0,0.0,3.3333333333333335
cyclic,cyclic_flip,static,1.0,0.6,4,1.0,0.09250000000000003,0.9419152276295133,1.0,7.26,0,0.0,5.833333333333333
cyclic,cyclic_flip,static,1.0,0.7,4,1.0,0.00666666666666671,0.9971509971509972,1.0,5.96,0,0.0,2.0
cyclic,cyclic_flip,static,1.0,0.8,4,1.0,0.14749999999999996,0.9644364074743822,1.0,3.41,0,0.0,5.363636363636363
cyclic,cyclic_flip,static,1.0,0.9,4,1.0,0.0,1.0,1.0,2.0,0,0.0,
cyclic,cyclic_flip,static,1.0,0.1,5,1.0,0.05833333333333335,0.6557377049180327,1.0,16.95,0,0.0,7.5
cyclic,cyclic_flip,static,1.0,0.2,5,1.0,0.03125,0.8888888888888888,1.0,15.5,0,0.0,16.666666666666668
cyclic,cyclic_flip,static,1.0,0.3,5,1.0,0.06357142857142861,0.8708272859216255,1.0,13.11,0,0.0,5.5
cyclic,cyclic_flip,static,1.0,0.4,5,1.0,0.03500000000000003,0.9501187648456056,1.0,11.58,0,0.0,10.5
cyclic,cyclic_flip,static,1.0,0.5,5,0.986,0.04200000000000004,0.9591439688715954,0.986,9.72,0,0.0,10.5
cyclic,cyclic_flip,static,1.0,0.6,5,0.9841666666666666,0.07625000000000004,0.9508856682769726,0.9841666666666666,7.58,0,0.0,61.0
cyclic,cyclic_flip,static,1.0,0.7,5,1.0,0.08833333333333337,0.9635237439779766,1.0,5.47,0,0.0,13.25
cyclic,cyclic_flip,static,1.0,0.8,5,1.0,0.040000000000000036,0.9900990099009901,1.0,3.84,0,0.0,1.6
cyclic,cyclic_flip,static,1.0,0.9,5,1.0,0.0,1.0,1.0,2.0,0,0.0,
cyclic,cyclic_flip,static,1.0,0.1,6,1.0,0.14500000000000002,0.43383947939262474,1.0,15.39,0,0.0,14.571428571428571
cyclic,cyclic_flip,static,1.0,0.2,6,1.0,0.07437499999999997,0.7707129094412332,1.0,14.81,0,0.0,7.0
cyclic,cyclic_flip,static,1.0,0.3,6,1.0,0.03857142857142859,0.9174311926605505,1.0,13.46,0,0.0,5.6
cyclic,cyclic_flip,static,1.0,0.4,6,1.0,0.012499999999999956,0.9815950920245399,1.0,11.85,0,0.0,5.0
cyclic,cyclic_flip,static,1.0,0.5,6,1.0,0.10199999999999998,0.9074410163339383,1.0,8.98,0,0.0,6.0
cyclic,cyclic_flip,static,1.0,0.6,6,1.0,0.06125000000000003,0.9607686148919136,1.0,7.51,0,0.0,6.333333333333333
cyclic,cyclic_flip,static,1.0,0.7,6,1.0,0.1283333333333333,0.9478672985781991,1.0,5.23,0,0.0,3.3181818181818183
cyclic,cyclic_flip,static,1.0,0.8,6,1.0,0.10250000000000004,0.9750152346130408,1.0,3.59,0,0.0,3.4166666666666665
cyclic,cyclic_flip,static,1.0,0.9,6,1.0,0.275,0.9703504043126685,1.0,1.45,17,0.0,7.5
cyclic,cyclic_flip,static,1.0,0.1,7,1.0,0.10944444444444446,0.5037783375314862,1.0,16.03,0,0.0,32.0
cyclic,cyclic_flip,static,1.0,0.2,7,1.0,0.13749999999999996,0.6451612903225806,1.0,13.8,0,0.0,10.5
cyclic,cyclic_flip,static,1.0,0.3,7,1.0,0.03642857142857148,0.9216589861751152,1.0,13.49,0,0.0,17.0
cyclic,cyclic_flip,static,1.0,0.4,7,1.0,0.08999999999999997,0.8810572687224669,1.0,10.92,0,0.0,15.0
cyclic,cyclic_flip,static,1.0,0.5,7,1.0,0.016000000000000014,0.984251968503937,1.0,9.84,0,0.0,16.0
cyclic,cyclic_flip,static,1.0,0.6,7,1.0,0.03374999999999995,0.9779951100244498,1.0,7.73,0,0.0,9.0
cyclic,cyclic_flip,static,1.0,0.7,7,1.0,0.08833333333333337,0.9635237439779766,1.0,5.47,0,0.0,9.0
cyclic,cyclic_flip,static,1.0,0.8,7,1.0,0.17500000000000004,0.9580838323353293,1.0,3.3,0,0.0,12.0
cyclic,cyclic_flip,static,1.0,0.9,7,1.0,0.845,0.9141696292534282,1.0,0.31,77,0.0,
cyclic,cyclic_flip,static,1.0,0.1,8,1.0,0.1283333333333333,0.46403712296983757,1.0,15.69,0,0.0,7.818181818181818
cyclic,cyclic_flip,static,1.0,0.2,8,1.0,0.11687499999999995,0.6814310051107325,1.0,14.13,0,0.0,5.153846153846154
cyclic,cyclic_flip,static,1.0,0.3,8,1.0,0.1528571428571428,0.7371007371007371,1.0,11.86,0,0.0,13.5
cyclic,cyclic_flip,static,1.0,0.4,8,1.0,0.19666666666666666,0.7722007722007722,1.0,9.64,0,0.0,5.0
cyclic,cyclic_flip,static,1.0,0.5,8,0.983,0.21999999999999997,0.8171238570241064,0.983,7.97,0,0.0,3.3333333333333335
cyclic,cyclic_flip,static,1.0,0.6,8,0.9891666666666666,0.10499999999999998,0.933910306845004,0.9891666666666666,7.29,0,0.0,1.0
cyclic,cyclic_flip,static,1.0,0.7,8,0.99,0.11833333333333329,0.9512697323266986,0.99,5.43,0,0.0,3.9411764705882355
cyclic,cyclic_flip,static,1.0,0.8,8,0.98625,0.03749999999999998,0.9905838041431262,0.98625,4.07,0,0.0,1.6666666666666667
cyclic,cyclic_flip,static,1.0,0.9,8,0.9983333333333333,0.275,0.9703023758099352,0.9983333333333333,1.48,17,0.0,6.571428571428571
cyclic,cyclic_flip,static,1.0,0.1,9,1.0,0.07944444444444443,0.5830903790087464,1.0,16.57,0,0.0,7.428571428571429
cyclic,cyclic_flip,static,1.0,0.2,9,0.955,0.07937499999999997,0.75049115913556,0.955,14.91,0,0.0,6.428571428571429
cyclic,cyclic_flip,static,1.0,0.3,9,0.8200000000000001,0.010000000000000009,0.9723320158102767,0.8200000000000001,14.94,0,0.0,7.0
cyclic,cyclic_flip,static,1.0,0.4,9,0.86375,0.06166666666666665,0.9032679738562092,0.86375,12.35,0,0.0,74.0
cyclic,cyclic_flip,static,1.0,0.5,9,0.888,0.010000000000000009,0.9888641425389755,0.888,11.02,0,0.0,5.0
cyclic,cyclic_flip,static,1.0,0.6,9,0.9208333333333334,0.020000000000000018,0.9857270294380018,0.9208333333333334,8.79,0,0.0,5.333333333333333
cyclic,cyclic_flip,static,1.0,0.7,9,0.9321428571428572,0.008333333333333304,0.9961832061068703,0.9321428571428572,6.9,0,0.0,5.0
cyclic,cyclic_flip,static,1.0,0.8,9,0.94,0.10999999999999999,0.9715762273901809,0.94,4.52,0,0.0,14.666666666666666
cyclic,cyclic_flip,static,1.0,0.9,9,0.9505555555555556,0.21499999999999997,0.9754846066134549,0.9505555555555556,2.46,0,0.0,5.285714285714286
attacks,cyclic_flip,sleeper,1.0,0.2,0,0.921875,0.02619047619047621,0.8702064896755162,0.921875,16.61,0,6.25,18.0
attacks,adaptive_backdoor,static,1.0,0.2,0,0.0,0.11187499999999995,0.0,0.0,18.21,0,,5.633333333333334
attacks,cyclic_flip,rotating,1.0,0.2,0,0.9825,0.18999999999999995,0.563845050215208,0.9825,13.03,0,0.3157894736842105,11.066666666666666
attacks,adaptive_flip,static,1.0,0.2,0,0.0,0.06312499999999999,0.0,0.0,18.99,0,,10.25
attacks,cyclic_flip,static,0.5,0.2,0,0.8431372549019608,0.01633165829145733,0.9297297297297298,0.8431372549019608,8.15,0,2.75,8.666666666666666
attacks,targeted_flip,static,1.0,0.2,0,1.0,0.046875,0.8421052631578947,1.0,15.25,0,0.0,15.0
attacks,backdoor_boost,static,1.0,0.2,0,1.0,0.046875,0.8421052631578947,1.0,15.25,0,0.0,15.0
attacks,backdoor,static,1.0,0.2,0,0.040000000000000036,0.11624999999999996,0.07920792079207921,0.040000000000000036,17.98,0,43.0,12.384615384615385
attacks,cyclic_flip,static,0.5,0.4,0,0.947242206235012,0.0,1.0,0.947242206235012,6.05,0,0.25,
attacks,targeted_flip,static,1.0,0.4,0,1.0,0.011666666666666714,0.9828009828009828,1.0,11.86,0,0.0,4.666666666666667
attacks,cyclic_flip,sleeper,1.0,0.4,0,0.94375,0.02720588235294119,0.9422776911076443,0.94375,13.59,0,4.5,12.333333333333334
attacks,adaptive_backdoor,static,1.0,0.4,0,0.0,0.15749999999999997,0.0,0.0,18.11,0,,13.0
attacks,backdoor_boost,static,1.0,0.4,0,1.0,0.011666666666666714,0.9828009828009828,1.0,11.86,0,0.0,4.666666666666667
attacks,cyclic_flip,rotating,1.0,0.4,0,0.98875,0.2975,0.6890243902439024,0.98875,8.52,0,0.0,8.02127659574468
attacks,backdoor,static,1.0,0.4,0,0.016249999999999987,0.1466666666666666,0.06878306878306878,0.016249999999999987,18.11,0,17.5,12.833333333333334
attacks,adaptive_flip,static,1.0,0.4,0,0.0,0.04583333333333328,0.0,0.0,19.45,0,,27.5
attacks,cyclic_flip,sleeper,1.0,0.2,1,1.0,0.07797619047619042,0.7095343680709535,1.0,15.49,0,0.0,4.333333333333333
attacks,targeted_flip,static,1.0,0.2,1,1.0,0.16312499999999996,0.6051437216338881,1.0,13.39,0,0.0,6.8
attacks,backdoor_boost,static,1.0,0.2,1,1.0,0.16312499999999996,0.6051437216338881,1.0,13.39,0,0.0,6.8
attacks,adaptive_flip,static,1.0,0.2,1,0.24750000000000005,0.10375000000000001,0.37358490566037733,0.24750000000000005,17.35,0,0.0,1.4444444444444444
attacks,backdoor,static,1.0,0.2,1,0.26,0.13437500000000002,0.32601880877742945,0.26,16.81,0,35.0,7.733333333333333
attacks,cyclic_flip,static,0.5,0.2,1,1.0,0.08259212198221089,0.7661870503597122,1.0,7.22,0,0.0,16.333333333333332
attacks,adaptive_backdoor,static,1.0,0.2,1,0.25,0.07937499999999997,0.44052863436123346,0.25,17.73,0,0.0,6.846153846153846
attacks,cyclic_flip,rotating,1.0,0.2,1,0.9775,0.27749999999999997,0.4682634730538922,0.9775,11.65,0,0.2777777777777778,9.125
attacks,cyclic_flip,rotating,1.0,0.4,1,0.9775,0.3041666666666667,0.6817785527462947,0.9775,8.53,0,0.0,7.303030303030303
attacks,cyclic_flip,sleeper,1.0,0.4,1,1.0,0.13308823529411762,0.7795371498172959,1.0,11.79,0,0.0,2.4545454545454546
attacks,targeted_flip,static,1.0,0.4,1,1.0,0.1725,0.7944389275074478,1.0,9.93,0,0.0,5.65
attacks,backdoor_boost,static,1.0,0.4,1,1.0,0.1725,0.7944389275074478,1.0,9.93,0,0.0,5.65
attacks,backdoor,static,1.0,0.4,1,0.13749999999999996,0.10916666666666663,0.45643153526970953,0.13749999999999996,17.59,0,24.0,2.0
attacks,adaptive_flip,static,1.0,0.4,1,0.125,0.14,0.373134328358209,0.125,17.32,0,0.0,2.0
attacks,cyclic_flip,static,0.5,0.4,1,1.0,0.15384615384615385,0.8137651821862348,1.0,5.06,0,0.0,16.833333333333332
attacks,adaptive_backdoor,static,1.0,0.4,1,0.13624999999999998,0.125,0.42084942084942084,0.13624999999999998,17.41,0,36.5,7.35
attacks,backdoor_boost,static,1.0,0.2,2,1.0,0.21250000000000002,0.5405405405405406,1.0,12.6,0,0.0,6.3
attacks,cyclic_flip,sleeper,1.0,0.2,2,1.0,0.169047619047619,0.5298013245033113,1.0,13.96,0,0.0,12.0
attacks,targeted_flip,static,1.0,0.2,2,1.0,0.21250000000000002,0.5405405405405406,1.0,12.6,0,0.0,6.3
attacks,backdoor,static,1.0,0.2,2,0.0,0.14812499999999995,0.0,0.0,17.63,0,,2.6666666666666665
attacks,cyclic_flip,rotating,1.0,0.2,2,0.9975,0.24,0.5095785440613027,0.9975,12.17,0,0.05263157894736842,7.309523809523809
attacks,cyclic_flip,static,0.5,0.2,2,1.0,0.2616940581542352,0.5024038461538461,1.0,5.84,0,0.0,11.409090909090908
attacks,adaptive_flip,static,1.0,0.2,2,0.0,0.14625,0.0,0.0,17.66,0,,9.0
attacks,adaptive_backdoor,static,1.0,0.2,2,0.0,0.14,0.0,0.0,17.76,0,,1.5555555555555556
attacks,adaptive_flip,static,1.0,0.4,2,0.09999999999999998,0.22999999999999998,0.2247191011235955,0.09999999999999998,16.44,0,55.5,5.7272727272727275
attacks,adaptive_backdoor,static,1.0,0.4,2,0.007499999999999951,0.1266666666666667,0.0379746835443038,0.007499999999999951,18.42,0,77.0,2.0
attacks,targeted_flip,static,1.0,0.4,2,1.0,0.20833333333333337,0.7619047619047619,1.0,9.5,0,0.0,5.294117647058823
attacks,backdoor_boost,static,1.0,0.4,2,1.0,0.20833333333333337,0.7619047619047619,1.0,9.5,0,0.0,5.294117647058823
attacks,cyclic_flip,static,0.5,0.4,2,1.0,0.23777403035413158,0.7427007299270073,1.0,4.52,0,0.0,15.0
attacks,cyclic_flip,sleeper,1.0,0.4,2,1.0,0.1367647058823529,0.774818401937046,1.0,11.74,0,0.0,3.6666666666666665
attacks,backdoor,static,1.0,0.4,2,0.03374999999999995,0.1166666666666667,0.16167664670658682,0.03374999999999995,18.33,0,73.0,2.0
attacks,cyclic_flip,rotating,1.0,0.4,2,1.0,0.30500000000000005,0.6861063464837049,1.0,8.34,0,0.0,6.815789473684211
attacks,cyclic_flip,sleeper,1.0,0.2,3,1.0,0.10178571428571426,0.6517311608961304,1.0,15.09,0,0.0,2.1
attacks,backdoor,static,1.0,0.2,3,0.0,0.10062499999999996,0.0,0.0,18.39,0,,3.0
attacks,cyclic_flip,static,0.5,0.2,3,1.0,0.14814814814814814,0.6129032258064516,1.0,6.9,0,0.0,6.666666666666667
attacks,targeted_flip,static,1.0,0.2,3,1.0,0.11187499999999995,0.690846286701209,1.0,14.21,0,0.0,1.0
attacks,adaptive_backdoor,static,1.0,0.2,3,0.0,0.15375000000000005,0.0,0.0,17.54,0,,2.1
attacks,backdoor_boost,static,1.0,0.2,3,1.0,0.11187499999999995,0.690846286701209,1.0,14.21,0,0.0,1.0
attacks,cyclic_flip,rotating,1.0,0.2,3,0.985,0.1875,0.5677233429394812,0.985,13.06,0,0.3333333333333333,11.423076923076923
attacks,adaptive_flip,static,1.0,0.2,3,0.0,0.130625,0.0,0.0,17.91,0,,1.3333333333333333
attacks,backdoor_boost,static,1.0,0.4,3,1.0,0.10416666666666663,0.8648648648648649,1.0,10.75,0,0.0,2.1
attacks,cyclic_flip,rotating,1.0,0.4,3,0.96625,0.3025,0.6804577464788732,0.96625,8.64,0,0.15789473684210525,7.216216216216216
attacks,cyclic_flip,sleeper,1.0,0.4,3,0.9984375,0.1316176470588235,0.7811735941320294,0.9984375,11.82,0,0.125,5.0
attacks,adaptive_flip,static,1.0,0.4,3,0.0,0.11583333333333334,0.0,0.0,18.61,0,,5.0
attacks,adaptive_backdoor,static,1.0,0.4,3,0.012499999999999956,0.12749999999999995,0.06134969325153374,0.012499999999999956,18.37,0,70.0,1.8
attacks,targeted_flip,static,1.0,0.4,3,1.0,0.10416666666666663,0.8648648648648649,1.0,10.75,0,0.0,2.1
attacks,backdoor,static,1.0,0.4,3,0.003750000000000031,0.11583333333333334,0.02112676056338028,0.003750000000000031,18.58,0,0.0,1.0
attacks,cyclic_flip,static,0.5,0.4,3,0.9869109947643979,0.2216828478964401,0.7334630350194552,0.9869109947643979,4.86,0,1.25,13.0
attacks,cyclic_flip,sleeper,1.0,0.2,4,0.99375,0.061309523809523814,0.7553444180522565,0.99375,15.79,0,0.5,8.583333333333334
attacks,cyclic_flip,rotating,1.0,0.2,4,0.9825,0.15937500000000004,0.6064814814814815,0.9825,13.52,0,0.058823529411764705,10.884615384615385
attacks,cyclic_flip,static,0.5,0.2,4,1.0,0.023514851485148536,0.909952606635071,1.0,7.89,0,0.0,12.666666666666666
attacks,adaptive_backdoor,static,1.0,0.2,4,0.0,0.13249999999999995,0.0,0.0,17.88,0,,5.44
attacks,backdoor,static,1.0,0.2,4,0.03749999999999998,0.12124999999999997,0.07177033492822966,0.03749999999999998,17.91,0,0.0,3.96
attacks,backdoor_boost,static,1.0,0.2,4,1.0,0.053749999999999964,0.823045267489712,1.0,15.14,0,0.0,9.25
attacks,adaptive_flip,static,1.0,0.2,4,0.0,0.10687500000000005,0.0,0.0,18.29,0,,4.625
attacks,targeted_flip,static,1.0,0.2,4,1.0,0.053749999999999964,0.823045267489712,1.0,15.14,0,0.0,9.25
attacks,cyclic_flip,sleeper,1.0,0.4,4,0.9984375,0.11029411764705888,0.8098859315589354,0.9984375,12.11,0,0.125,4.892857142857143
attacks,adaptive_backdoor,static,1.0,0.4,4,0.0,0.11416666666666664,0.0,0.0,18.63,0,,6.7894736842105265
attacks,backdoor_boost,static,1.0,0.4,4,1.0,0.15916666666666668,0.8072653884964682,1.0,10.09,0,0.0,7.142857142857143
attacks,cyclic_flip,static,0.5,0.4,4,1.0,0.056761268781302165,0.9218390804597701,1.0,5.65,0,0.0,7.25
attacks,backdoor,static,1.0,0.4,4,0.020000000000000018,0.125,0.0963855421686747,0.020000000000000018,18.34,0,49.5,4.096774193548387
attacks,cyclic_flip,rotating,1.0,0.4,4,0.9925,0.25083333333333335,0.7251141552511415,0.9925,9.05,0,0.3,6.795454545454546
attacks,targeted_flip,static,1.0,0.4,4,1.0,0.15916666666666668,0.8072653884964682,1.0,10.09,0,0.0,7.142857142857143
attacks,adaptive_flip,static,1.0,0.4,4,0.0,0.1266666666666667,0.0,0.0,18.48,0,,5.9
