method,0.0,0.1,0.2,0.3,0.4,0.5,0.6,0.7,0.8,0.9
DeepTrust,93.97 ± 0.12,94.25 ± 1.58,92.16 ± 2.31,93.22 ± 1.34,93.13 ± 2.04,89.86 ± 4.27,90.96 ± 5.47,92.41 ± 4.56,94.15 ± 2.25,94.13 ± 0.87
DeepTrust-R,94.68 ± 1.28,94.24 ± 2.27,94.44 ± 2.07,93.16 ± 2.36,94.90 ± 2.33,94.46 ± 2.61,93.13 ± 4.24,92.07 ± 6.77,92.48 ± 2.47,90.55 ± 5.73
DeepTrust-V,95.71 ± 0.74,95.12 ± 1.34,94.03 ± 2.83,92.69 ± 5.47,92.49 ± 5.11,93.04 ± 5.55,93.07 ± 4.59,95.60 ± 1.55,95.21 ± 1.72,94.74 ± 1.43
DyF-ZTL,96.38 ± 0.40,94.52 ± 0.66,91.67 ± 6.14,94.24 ± 0.03,95.22 ± 1.70,89.16 ± 8.44,89.38 ± 8.86,89.80 ± 9.57,53.08 ± 59.57,49.27 ± 54.31
DyF-ZTL-R,96.77 ± 0.47,96.51 ± 0.45,96.26 ± 0.95,95.75 ± 1.40,96.36 ± 1.08,93.00 ± 6.37,92.84 ± 6.54,93.31 ± 5.29,95.72 ± 1.13,89.53 ± 7.14
DyF-ZTL-R-W,,,87.76 ± 6.47,,88.27 ± 6.93,,85.27 ± 4.55,,88.12 ± 5.60,
DyF-ZTL-V,96.88 ± 0.50,96.96 ± 0.49,96.27 ± 1.87,95.77 ± 3.24,96.70 ± 0.98,95.67 ± 4.09,96.36 ± 1.04,96.60 ± 1.11,96.41 ± 0.94,94.97 ± 4.39
DyF-ZTL-W,,,91.47 ± 7.64,,88.90 ± 7.29,,90.80 ± 7.18,,87.98 ± 7.09,
DyF-ZTL-v1,96.54 ± 0.36,96.61 ± 0.47,96.64 ± 0.44,96.46 ± 0.45,96.33 ± 0.69,96.31 ± 0.56,94.92 ± 4.27,94.74 ± 4.23,95.23 ± 1.67,91.99 ± 5.09
FLTrust,96.15 ± 0.36,96.07 ± 0.59,96.03 ± 0.28,95.93 ± 0.39,95.60 ± 1.23,95.50 ± 1.01,95.19 ± 1.37,93.28 ± 7.37,95.10 ± 0.86,91.06 ± 5.82
FedAvg,88.05 ± 3.88,88.30 ± 3.19,86.95 ± 3.54,84.89 ± 6.03,72.14 ± 24.94,53.85 ± 30.73,29.97 ± 25.31,10.24 ± 8.74,6.38 ± 4.45,6.77 ± 3.97
FedProx,93.93 ± 1.37,94.17 ± 1.51,93.02 ± 3.47,90.96 ± 3.77,80.16 ± 18.53,55.29 ± 28.05,28.34 ± 25.47,4.40 ± 4.44,2.04 ± 2.18,1.42 ± 0.88
FuzzyNoTrust,95.26 ± 1.67,96.01 ± 1.06,94.40 ± 3.07,95.02 ± 1.61,91.63 ± 5.19,64.09 ± 9.12,14.23 ± 15.95,1.48 ± 1.21,1.75 ± 2.49,2.72 ± 4.33
Krum,91.58 ± 5.17,90.91 ± 3.59,91.73 ± 3.74,92.01 ± 3.27,83.60 ± 16.13,32.26 ± 42.67,17.87 ± 35.94,1.00 ± 0.65,0.95 ± 0.55,1.04 ± 0.89
Median,95.13 ± 1.69,94.56 ± 1.51,94.30 ± 1.33,92.66 ± 3.67,87.72 ± 5.67,45.17 ± 27.28,6.22 ± 6.11,2.18 ± 3.01,0.64 ± 0.19,0.73 ± 0.58
MultiKrum,94.85 ± 1.58,94.46 ± 1.72,91.63 ± 3.11,75.14 ± 18.08,55.07 ± 35.11,39.58 ± 39.77,40.61 ± 27.77,24.38 ± 20.76,5.46 ± 11.68,0.53 ± 0.35
TrimmedMean,94.77 ± 1.42,94.58 ± 1.55,94.42 ± 1.57,92.33 ± 3.24,87.69 ± 5.12,52.88 ± 23.87,8.22 ± 10.91,1.98 ± 2.87,0.87 ± 0.66,0.67 ± 0.41
