mode,ratio,n,accuracy,honest_rejected,malicious_rejected,attacker_weight_share,rehabilitation_rounds
DyF-ZTL-R-soft,0.2,3,92.63 ± 6.20,0.0,0.0,0.5886547040973362,
DyF-ZTL-soft,0.2,1,85.25,0.0,0.0,2.147981989998124,
hard,0.2,10,96.27 ± 1.87,10.268749999999997,98.5,0.37769607843137254,10.609908424908426
probation,0.2,5,94.75 ± 5.18,10.9125,97.75,0.5645588235294117,10.316666666666666
soft (trust-weighted),0.2,5,94.87 ± 3.13,0.0,0.0,0.6999368515342966,
DyF-ZTL-R-soft,0.4,3,95.83 ± 1.53,0.0,0.0,0.7059156747942226,
DyF-ZTL-soft,0.4,1,95.04,0.0,0.0,4.358940855647487,
hard,0.4,10,96.70 ± 0.98,10.549999999999999,98.32499999999999,1.0713369963369965,13.568697478991595
probation,0.4,5,94.83 ± 5.00,11.899999999999999,99.225,0.4920279720279721,6.0
soft (trust-weighted),0.4,5,94.37 ± 5.03,0.0,0.0,1.079169503570197,
DyF-ZTL-R-soft,0.6,3,91.56 ± 7.42,0.0,0.0,3.44231785243284,
DyF-ZTL-soft,0.6,1,96.14,0.0,0.0,5.696309058976332,
hard,0.6,10,96.36 ± 1.04,10.112499999999999,98.81666666666668,1.6250000000000004,12.12142857142857
probation,0.6,5,93.47 ± 5.46,13.350000000000001,99.23333333333333,1.190079365079365,6.0
soft (trust-weighted),0.6,5,94.19 ± 6.15,0.0,0.0,1.3930597704649839,
DyF-ZTL-R-soft,0.8,3,95.15 ± 1.09,0.0,0.0,2.1157030958990837,
DyF-ZTL-soft,0.8,1,96.06,0.0,0.0,52.00305250409459,
hard,0.8,10,96.41 ± 0.94,14.150000000000002,99.25,2.588333333333333,8.27227538543328
probation,0.8,5,96.17 ± 2.30,7.6,99.50000000000001,1.6833333333333331,6.0
soft (trust-weighted),0.8,5,97.11 ± 0.46,0.0,0.0,3.1180008592000625,
