condition,ratio,method,n,accuracy,macro_f1,honest_rejected,malicious_rejected
contam10,0.2,DyF-ZTL,1,93.77,75.58,7.750000000000002,97.0
contam10,0.2,DyF-ZTL-R,3,94.36 ± 2.19,82.17 ± 8.57,7.08333333333333,100.0
contam10,0.2,DyF-ZTL-R-dg,3,96.61 ± 0.38,89.74 ± 1.21,50.499999999999986,98.33333333333334
contam10,0.2,DyF-ZTL-V,5,95.38 ± 1.73,84.05 ± 6.93,43.6625,100.0
contam10,0.2,DyF-ZTL-V-dg,5,95.72 ± 0.95,83.24 ± 9.77,93.4375,99.85
contam10,0.2,DyF-ZTL-dg,1,97.06,91.22,60.74999999999999,95.25
contam10,0.2,FLTrust,5,73.81 ± 22.09,57.70 ± 18.59,29.325000000000003,44.95
contam10,0.4,DyF-ZTL,1,94.28,78.81,2.833333333333332,94.375
contam10,0.4,DyF-ZTL-R,3,91.70 ± 7.22,75.88 ± 16.39,4.194444444444445,99.125
contam10,0.4,DyF-ZTL-R-dg,3,96.01 ± 0.80,87.74 ± 3.31,43.38888888888889,99.95833333333334
contam10,0.4,DyF-ZTL-V,5,96.00 ± 0.73,86.66 ± 2.13,72.36666666666667,100.0
contam10,0.4,DyF-ZTL-V-dg,5,95.80 ± 0.96,87.62 ± 2.90,93.28333333333333,99.97500000000001
contam10,0.4,DyF-ZTL-dg,1,94.83,87.94,53.0,96.75
contam10,0.4,FLTrust,5,74.11 ± 34.79,66.66 ± 31.51,25.166666666666664,50.275000000000006
contam5,0.2,DyF-ZTL,1,93.81,76.44,4.937499999999995,87.25
contam5,0.2,DyF-ZTL-R,3,92.11 ± 5.63,76.35 ± 13.60,5.208333333333334,100.0
contam5,0.2,DyF-ZTL-R-dg,3,96.86 ± 0.49,90.44 ± 2.02,33.666666666666664,98.25
contam5,0.2,DyF-ZTL-V,5,94.98 ± 3.10,84.97 ± 7.91,8.1125,98.79999999999998
contam5,0.2,DyF-ZTL-V-dg,5,96.67 ± 0.58,87.59 ± 3.11,60.8375,99.69999999999999
contam5,0.2,DyF-ZTL-dg,1,97.01,90.47,20.062500000000007,90.0
contam5,0.2,FLTrust,5,91.69 ± 6.23,74.70 ± 14.14,26.450000000000003,38.95
contam5,0.4,DyF-ZTL,1,93.68,81.33,3.166666666666662,93.25
contam5,0.4,DyF-ZTL-R,3,91.98 ± 6.71,79.54 ± 14.40,2.8611111111111143,98.75
contam5,0.4,DyF-ZTL-R-dg,3,95.19 ± 2.10,81.87 ± 13.85,22.58333333333333,99.87499999999999
contam5,0.4,DyF-ZTL-V,5,92.49 ± 6.21,81.90 ± 12.71,18.6,100.0
contam5,0.4,DyF-ZTL-V-dg,5,96.68 ± 0.97,89.84 ± 2.24,51.03333333333333,99.97500000000001
contam5,0.4,DyF-ZTL-dg,1,96.89,89.31,25.0,93.375
contam5,0.4,FLTrust,5,79.68 ± 28.43,67.65 ± 28.06,19.633333333333333,49.3
imbalanced,0.2,DyF-ZTL,1,92.94,76.11,0.0,83.5
imbalanced,0.2,DyF-ZTL-R,3,92.81 ± 4.82,79.34 ± 11.83,2.604166666666667,94.66666666666667
imbalanced,0.2,DyF-ZTL-R-dg,3,93.83 ± 3.80,79.25 ± 10.82,13.562500000000002,94.16666666666667
imbalanced,0.2,DyF-ZTL-V,5,94.24 ± 4.68,82.19 ± 11.42,4.5249999999999995,97.0
imbalanced,0.2,DyF-ZTL-V-dg,5,94.42 ± 4.91,82.61 ± 12.01,14.387499999999998,97.10000000000001
imbalanced,0.2,DyF-ZTL-dg,1,86.10,63.91,1.8124999999999947,80.75
imbalanced,0.2,FLTrust,5,95.17 ± 1.27,83.25 ± 7.17,23.4375,44.65
imbalanced,0.4,DyF-ZTL,1,95.04,87.44,0.0,91.375
imbalanced,0.4,DyF-ZTL-R,3,91.59 ± 6.79,76.06 ± 20.16,3.8611111111111116,97.29166666666667
imbalanced,0.4,DyF-ZTL-R-dg,3,91.89 ± 6.98,76.99 ± 20.95,9.416666666666666,97.08333333333333
imbalanced,0.4,DyF-ZTL-V,5,94.30 ± 3.29,82.22 ± 10.60,5.8666666666666645,98.25
imbalanced,0.4,DyF-ZTL-V-dg,5,93.82 ± 4.22,79.96 ± 12.60,13.766666666666666,98.72500000000001
imbalanced,0.4,DyF-ZTL-dg,1,93.69,80.13,2.0000000000000018,92.375
imbalanced,0.4,FLTrust,5,94.71 ± 1.74,84.46 ± 5.11,18.85,51.92499999999999
missing2,0.2,DyF-ZTL,1,93.09,74.40,3.3749999999999947,97.5
missing2,0.2,DyF-ZTL-R,3,94.20 ± 3.22,82.49 ± 8.36,10.708333333333336,100.0
missing2,0.2,DyF-ZTL-R-dg,3,92.09 ± 6.12,75.65 ± 14.75,16.312499999999996,99.16666666666667
missing2,0.2,DyF-ZTL-V,5,96.20 ± 0.90,85.28 ± 6.23,8.6875,100.0
missing2,0.2,DyF-ZTL-V-dg,5,94.10 ± 5.04,77.39 ± 9.53,17.299999999999997,99.25
missing2,0.2,DyF-ZTL-dg,1,92.39,73.14,0.3750000000000031,97.75
missing2,0.2,FLTrust,5,96.04 ± 0.41,88.15 ± 2.03,19.975,51.74999999999999
missing2,0.4,DyF-ZTL,1,94.93,86.76,7.333333333333336,95.375
missing2,0.4,DyF-ZTL-R,3,91.80 ± 6.97,74.64 ± 20.06,5.499999999999997,100.0
missing2,0.4,DyF-ZTL-R-dg,3,91.96 ± 7.02,75.29 ± 19.63,8.194444444444445,99.375
missing2,0.4,DyF-ZTL-V,5,93.44 ± 4.86,79.63 ± 12.03,8.283333333333331,99.62500000000001
missing2,0.4,DyF-ZTL-V-dg,5,92.60 ± 5.52,74.54 ± 14.44,11.283333333333335,99.69999999999999
missing2,0.4,DyF-ZTL-dg,1,93.41,79.04,0.4166666666666652,95.5
missing2,0.4,FLTrust,5,95.82 ± 0.31,87.79 ± 1.61,18.95,61.9
shifted,0.2,DyF-ZTL,1,96.69,87.38,11.312500000000004,85.75
shifted,0.2,DyF-ZTL-R,3,96.61 ± 0.38,89.59 ± 1.18,11.58333333333333,96.08333333333334
shifted,0.2,DyF-ZTL-R-dg,3,95.98 ± 0.52,88.78 ± 1.26,43.83333333333333,99.75
shifted,0.2,DyF-ZTL-V,5,96.07 ± 0.80,86.90 ± 4.16,8.237500000000002,96.95
shifted,0.2,DyF-ZTL-V-dg,5,84.68 ± 6.48,77.08 ± 6.33,65.32500000000002,98.9
shifted,0.2,DyF-ZTL-dg,1,96.17,89.06,55.3125,91.5
shifted,0.2,FLTrust,5,90.40 ± 7.45,81.84 ± 6.07,64.75,90.5
shifted,0.4,DyF-ZTL,1,96.48,89.83,2.2499999999999964,89.75
shifted,0.4,DyF-ZTL-R,3,95.66 ± 1.47,87.91 ± 4.59,5.861111111111109,98.25
shifted,0.4,DyF-ZTL-R-dg,3,96.17 ± 0.39,89.32 ± 1.29,40.75,99.5
shifted,0.4,DyF-ZTL-V,5,93.97 ± 5.02,84.17 ± 12.16,6.816666666666664,96.275
shifted,0.4,DyF-ZTL-V-dg,5,85.14 ± 6.68,75.86 ± 4.81,72.18333333333334,99.95
shifted,0.4,DyF-ZTL-dg,1,96.57,90.43,43.50000000000001,94.875
shifted,0.4,FLTrust,5,89.02 ± 8.26,81.50 ± 7.33,59.80000000000001,86.15
size100,0.2,DyF-ZTL,1,95.59,78.71,17.437499999999993,92.25
size100,0.2,DyF-ZTL-R,3,96.46 ± 0.37,88.14 ± 2.55,20.333333333333332,96.83333333333334
size100,0.2,DyF-ZTL-R-dg,3,46.49 ± 39.02,8.47 ± 7.03,100.0,100.0
size100,0.2,DyF-ZTL-V,5,96.04 ± 0.71,86.69 ± 4.17,17.849999999999998,95.45
size100,0.2,DyF-ZTL-V-dg,5,28.69 ± 36.83,5.31 ± 6.59,100.0,100.0
size100,0.2,DyF-ZTL-dg,1,69.06,13.33,100.0,100.0
size100,0.4,DyF-ZTL,1,93.81,78.80,9.916666666666663,94.125
size100,0.4,DyF-ZTL-R,3,96.14 ± 1.15,88.20 ± 3.30,14.249999999999998,97.54166666666667
size100,0.4,DyF-ZTL-R-dg,3,46.49 ± 39.02,8.47 ± 7.03,100.0,100.0
size100,0.4,DyF-ZTL-V,5,95.84 ± 1.46,88.64 ± 2.31,16.85,97.075
size100,0.4,DyF-ZTL-V-dg,5,28.69 ± 36.83,5.31 ± 6.59,100.0,100.0
size100,0.4,DyF-ZTL-dg,1,69.06,13.33,100.0,100.0
size1200,0.2,DyF-ZTL,1,93.68,76.86,1.2499999999999956,87.0
size1200,0.2,DyF-ZTL-R,3,95.03 ± 1.40,83.48 ± 6.83,9.937499999999995,99.25
size1200,0.2,DyF-ZTL-R-dg,3,95.90 ± 0.79,87.65 ± 3.14,48.27083333333333,100.0
size1200,0.2,DyF-ZTL-V,5,96.56 ± 1.15,88.81 ± 5.14,12.4,98.55000000000001
size1200,0.2,DyF-ZTL-V-dg,5,96.14 ± 1.04,86.17 ± 5.92,55.3,99.85
size1200,0.2,DyF-ZTL-dg,1,96.61,88.84,51.125,98.75
size1200,0.4,DyF-ZTL,1,95.27,88.18,0.0,92.125
size1200,0.4,DyF-ZTL-R,3,96.13 ± 1.17,86.18 ± 4.83,7.5,99.29166666666666
size1200,0.4,DyF-ZTL-R-dg,3,96.34 ± 0.24,89.08 ± 0.43,44.611111111111114,100.0
size1200,0.4,DyF-ZTL-V,5,95.17 ± 3.62,86.34 ± 8.09,12.65,99.875
size1200,0.4,DyF-ZTL-V-dg,5,94.66 ± 4.43,86.60 ± 7.69,56.48333333333333,100.0
size1200,0.4,DyF-ZTL-dg,1,96.42,88.73,41.083333333333336,98.875
size300,0.2,DyF-ZTL,1,94.43,77.84,12.250000000000005,93.0
size300,0.2,DyF-ZTL-R,3,96.74 ± 0.49,88.47 ± 4.65,18.895833333333336,95.91666666666666
size300,0.2,DyF-ZTL-R-dg,3,92.47 ± 3.25,73.49 ± 13.07,88.375,100.0
size300,0.2,DyF-ZTL-V,5,96.71 ± 0.50,87.46 ± 5.00,14.274999999999999,98.00000000000001
size300,0.2,DyF-ZTL-V-dg,5,91.19 ± 3.66,76.00 ± 9.19,98.975,99.95
size300,0.2,DyF-ZTL-dg,1,95.66,87.70,83.4375,99.5
size300,0.4,DyF-ZTL,1,94.51,85.06,1.8333333333333313,92.125
size300,0.4,DyF-ZTL-R,3,96.12 ± 1.80,88.58 ± 3.69,16.416666666666668,99.41666666666666
size300,0.4,DyF-ZTL-R-dg,3,92.65 ± 4.07,79.67 ± 10.35,82.55555555555554,100.0
size300,0.4,DyF-ZTL-V,5,96.54 ± 0.79,90.07 ± 1.73,11.783333333333335,99.3
size300,0.4,DyF-ZTL-V-dg,5,91.28 ± 3.70,75.68 ± 8.67,98.78333333333333,99.95
size300,0.4,DyF-ZTL-dg,1,95.66,87.70,77.91666666666667,99.75
