condition,method,n,accuracy,macro_f1
"α=0.1, SMOTE",DyF-ZTL,2,95.11 ± 1.75,86.12 ± 3.63
"α=0.1, SMOTE",DyF-ZTL-V,5,95.98 ± 0.54,85.50 ± 4.31
"α=0.1, SMOTE",FedAvg,5,79.39 ± 7.05,33.15 ± 11.43
"α=0.1, SMOTE",FedProx,5,89.27 ± 3.59,56.25 ± 11.65
"α=0.1, SMOTE",SCAFFOLD,5,94.54 ± 1.61,80.60 ± 4.58
"α=0.5, no SMOTE",DyF-ZTL,2,95.78 ± 0.24,81.69 ± 3.79
"α=0.5, no SMOTE",DyF-ZTL-V,5,97.09 ± 0.43,89.15 ± 4.81
"α=0.5, no SMOTE",FedAvg,5,85.47 ± 4.42,52.02 ± 6.78
"α=0.5, no SMOTE",FedProx,5,93.30 ± 1.39,70.56 ± 5.07
"α=0.5, no SMOTE",SCAFFOLD,5,96.54 ± 0.38,88.53 ± 1.00
"α=0.5, no SMOTE, weighted_ce",DyF-ZTL-CW,2,95.23 ± 0.33,80.50 ± 6.21
"α=0.5, no SMOTE, weighted_ce",DyF-ZTL-V-CW,5,96.80 ± 0.49,87.65 ± 5.08
"α=0.5, no SMOTE, weighted_ce",FedAvg-CW,5,87.95 ± 4.97,60.30 ± 10.90
"α=0.5, no SMOTE, weighted_ce",FedProx-CW,5,95.19 ± 0.76,83.86 ± 5.59
"α=1.0, SMOTE",DyF-ZTL,2,97.59 ± 0.11,92.99 ± 0.71
"α=1.0, SMOTE",DyF-ZTL-V,5,97.44 ± 0.13,92.33 ± 0.57
"α=1.0, SMOTE",FedAvg,5,90.48 ± 0.88,63.08 ± 1.80
"α=1.0, SMOTE",FedProx,5,95.33 ± 0.82,83.78 ± 3.11
"α=1.0, SMOTE",SCAFFOLD,5,96.48 ± 0.33,90.06 ± 0.72
"α=10.0, SMOTE",DyF-ZTL,2,97.27 ± 0.03,91.25 ± 1.13
"α=10.0, SMOTE",DyF-ZTL-V,5,97.54 ± 0.20,92.68 ± 0.95
"α=10.0, SMOTE",FedAvg,5,92.94 ± 0.18,65.84 ± 1.17
"α=10.0, SMOTE",FedProx,5,96.65 ± 0.48,90.24 ± 1.87
"α=10.0, SMOTE",SCAFFOLD,5,96.20 ± 0.19,89.43 ± 0.64
"α=IID, SMOTE",DyF-ZTL,2,97.63 ± 0.05,93.29 ± 0.23
"α=IID, SMOTE",DyF-ZTL-V,5,97.49 ± 0.19,92.85 ± 0.56
"α=IID, SMOTE",FedAvg,5,95.64 ± 0.50,88.45 ± 1.02
"α=IID, SMOTE",FedProx,5,96.19 ± 0.05,89.47 ± 0.19
"α=IID, SMOTE",SCAFFOLD,5,96.67 ± 0.12,90.69 ± 0.22
