split,features,method,n,accuracy,macro_f1,FAR_normal_to_attack
chrono_class,drift_oracle,DyF-ZTL,3,60.55 ± 2.06,56.08 ± 1.84,50.32 ± 0.70
chrono_class,drift_oracle,DyF-ZTL-R,4,60.34 ± 2.82,55.21 ± 5.01,50.35 ± 0.34
chrono_class,drift_oracle,DyF-ZTL-V,10,61.34 ± 2.60,58.27 ± 2.53,50.86 ± 0.42
chrono_class,drift_oracle,FedProx,10,46.45 ± 0.78,49.75 ± 1.10,69.44 ± 0.78
chrono_class,drift_oracle,FedProx-U,10,46.60 ± 0.61,50.53 ± 0.87,70.04 ± 0.59
chrono_class,drift_robust,DyF-ZTL,4,30.05 ± 0.43,36.67 ± 4.83,99.88 ± 0.16
chrono_class,drift_robust,DyF-ZTL-R,4,30.11 ± 0.48,36.64 ± 5.01,99.94 ± 0.05
chrono_class,drift_robust,DyF-ZTL-V,10,30.52 ± 0.75,40.88 ± 4.49,99.74 ± 0.26
chrono_class,drift_robust,FedProx,10,30.43 ± 0.46,37.23 ± 4.61,99.59 ± 0.34
chrono_class,drift_robust,FedProx-U,10,30.85 ± 0.27,43.60 ± 1.18,99.75 ± 0.26
chrono_class,original,DyF-ZTL,2,28.81 ± 4.98,38.86 ± 2.28,98.63 ± 1.05
chrono_class,original,DyF-ZTL-R,4,23.04 ± 5.47,30.62 ± 9.61,98.45 ± 1.21
chrono_class,original,DyF-ZTL-V,10,26.11 ± 6.81,31.04 ± 5.72,93.57 ± 7.92
chrono_class,original,FedAvg,10,23.42 ± 4.54,23.98 ± 2.48,91.35 ± 6.68
chrono_class,original,FedProx,10,25.03 ± 1.65,32.44 ± 1.60,98.67 ± 1.32
chrono_class,original,FedProx-U,10,23.83 ± 1.49,31.92 ± 2.79,99.83 ± 0.28
random,drift_oracle,DyF-ZTL,3,95.53 ± 1.51,81.74 ± 8.24,3.27 ± 0.21
random,drift_oracle,DyF-ZTL-R,4,96.32 ± 0.80,87.70 ± 3.71,3.32 ± 0.34
random,drift_oracle,DyF-ZTL-V,5,96.54 ± 0.55,88.93 ± 2.90,3.30 ± 0.57
random,drift_oracle,FedProx,5,92.32 ± 4.21,75.30 ± 7.56,3.03 ± 0.45
random,drift_oracle,FedProx-U,5,96.29 ± 0.27,89.33 ± 0.90,4.78 ± 0.52
