Class,method,n,precision,recall,f1
ddos,DeepTrust-V,10,94.55 ± 0.23,99.88 ± 0.09,97.14 ± 0.11
ddos,DyF-ZTL-R,10,94.66 ± 0.07,99.95 ± 0.07,97.24 ± 0.04
ddos,DyF-ZTL-V,10,94.63 ± 0.14,100.00 ± 0.00,97.25 ± 0.08
ddos,DyF-ZTL-v1,10,94.62 ± 0.06,100.00 ± 0.00,97.24 ± 0.03
ddos,FedAvg,10,94.72 ± 0.47,99.47 ± 0.88,97.03 ± 0.40
ddos,FedAvg-U,10,94.65 ± 0.16,99.73 ± 0.29,97.12 ± 0.12
ddos,FedProx,10,94.63 ± 0.07,100.00 ± 0.00,97.25 ± 0.04
ddos,FedProx-U,10,94.62 ± 0.06,99.97 ± 0.06,97.23 ± 0.06
ddos,FuzzyNoTrust,10,94.66 ± 0.07,99.97 ± 0.06,97.25 ± 0.05
ddos,SCAFFOLD,10,94.63 ± 0.07,99.95 ± 0.07,97.22 ± 0.04
ddos,ServerOnly,10,94.72 ± 0.04,99.91 ± 0.10,97.25 ± 0.05
dos,DeepTrust-V,10,63.89 ± 1.30,94.21 ± 4.89,76.09 ± 1.96
dos,DyF-ZTL-R,10,63.68 ± 0.56,98.95 ± 1.04,77.49 ± 0.41
dos,DyF-ZTL-V,10,63.59 ± 0.57,98.16 ± 2.79,77.17 ± 1.22
dos,DyF-ZTL-v1,10,63.21 ± 0.65,97.63 ± 3.71,76.71 ± 1.28
dos,FedAvg,10,61.25 ± 2.99,86.84 ± 26.30,69.49 ± 16.99
dos,FedAvg-U,10,63.72 ± 1.08,95.53 ± 2.92,76.41 ± 0.85
dos,FedProx,10,64.34 ± 2.65,96.05 ± 5.19,76.91 ± 1.00
dos,FedProx-U,10,63.37 ± 0.55,98.55 ± 1.91,77.13 ± 0.76
dos,FuzzyNoTrust,10,63.89 ± 0.36,98.94 ± 0.56,77.65 ± 0.31
dos,SCAFFOLD,10,62.88 ± 0.80,98.29 ± 3.62,76.67 ± 1.45
dos,ServerOnly,10,63.03 ± 0.84,87.24 ± 5.26,73.12 ± 2.05
injection,DeepTrust-V,10,86.26 ± 5.57,93.84 ± 7.88,89.52 ± 3.34
injection,DyF-ZTL-R,10,85.02 ± 4.76,97.14 ± 3.32,90.54 ± 2.10
injection,DyF-ZTL-V,10,84.31 ± 4.57,97.58 ± 2.92,90.34 ± 2.17
injection,DyF-ZTL-v1,10,80.91 ± 3.84,98.02 ± 2.19,88.58 ± 2.31
injection,FedAvg,10,84.01 ± 6.93,93.19 ± 6.81,87.98 ± 3.78
injection,FedAvg-U,10,85.01 ± 6.63,90.77 ± 12.85,86.88 ± 5.92
injection,FedProx,10,84.08 ± 5.28,97.36 ± 2.85,90.08 ± 2.21
injection,FedProx-U,10,79.76 ± 5.06,98.24 ± 2.65,87.89 ± 2.06
injection,FuzzyNoTrust,10,84.76 ± 5.74,97.25 ± 3.03,90.40 ± 2.52
injection,SCAFFOLD,10,78.17 ± 3.82,99.78 ± 0.46,87.62 ± 2.43
injection,ServerOnly,10,89.64 ± 3.28,89.12 ± 4.79,89.24 ± 1.78
normal,DeepTrust-V,10,96.45 ± 1.30,96.95 ± 0.40,96.69 ± 0.54
normal,DyF-ZTL-R,10,98.57 ± 0.94,96.76 ± 0.48,97.66 ± 0.29
normal,DyF-ZTL-V,10,98.63 ± 1.04,96.85 ± 0.41,97.73 ± 0.35
normal,DyF-ZTL-v1,10,99.10 ± 0.77,95.86 ± 1.04,97.45 ± 0.28
normal,FedAvg,10,87.26 ± 4.38,97.36 ± 0.35,91.98 ± 2.42
normal,FedAvg-U,10,96.06 ± 2.67,96.60 ± 0.70,96.30 ± 1.07
normal,FedProx,10,94.20 ± 1.82,97.23 ± 0.33,95.68 ± 0.94
normal,FedProx-U,10,99.15 ± 0.91,95.42 ± 0.71,97.24 ± 0.19
normal,FuzzyNoTrust,10,97.26 ± 2.15,96.88 ± 0.49,97.05 ± 0.93
normal,SCAFFOLD,10,99.07 ± 0.55,95.86 ± 0.80,97.44 ± 0.29
normal,ServerOnly,10,99.05 ± 0.17,97.25 ± 0.19,98.14 ± 0.11
password,DeepTrust-V,10,99.55 ± 0.16,98.81 ± 1.30,99.18 ± 0.60
password,DyF-ZTL-R,10,99.57 ± 0.09,99.53 ± 0.57,99.55 ± 0.28
password,DyF-ZTL-V,10,99.59 ± 0.08,99.31 ± 0.89,99.45 ± 0.45
password,DyF-ZTL-v1,10,99.50 ± 0.29,99.74 ± 0.33,99.62 ± 0.17
password,FedAvg,10,69.98 ± 48.29,50.33 ± 36.22,58.20 ± 40.68
password,FedAvg-U,10,99.51 ± 0.33,96.55 ± 5.30,97.93 ± 2.76
password,FedProx,10,99.81 ± 0.18,92.30 ± 7.67,95.75 ± 4.22
password,FedProx-U,10,99.63 ± 0.00,99.55 ± 0.53,99.59 ± 0.26
password,FuzzyNoTrust,10,99.66 ± 0.06,95.77 ± 9.42,97.43 ± 5.50
password,SCAFFOLD,10,99.48 ± 0.29,99.42 ± 0.65,99.45 ± 0.45
password,ServerOnly,10,99.81 ± 0.00,99.33 ± 0.29,99.57 ± 0.15
scanning,DeepTrust-V,10,81.52 ± 29.27,36.93 ± 32.60,44.11 ± 32.13
scanning,DyF-ZTL-R,10,75.96 ± 29.23,50.46 ± 35.48,55.38 ± 35.61
scanning,DyF-ZTL-V,10,76.70 ± 27.97,56.77 ± 37.01,61.01 ± 36.19
scanning,DyF-ZTL-v1,10,72.63 ± 8.87,68.92 ± 35.82,65.36 ± 27.26
scanning,FedAvg,10,10.00 ± 31.62,1.39 ± 4.38,2.43 ± 7.69
scanning,FedAvg-U,10,63.94 ± 35.84,27.85 ± 34.90,32.73 ± 35.48
scanning,FedProx,10,83.55 ± 29.92,30.62 ± 27.17,39.40 ± 29.87
scanning,FedProx-U,10,81.56 ± 7.07,84.92 ± 10.38,82.47 ± 3.32
scanning,FuzzyNoTrust,10,62.59 ± 36.01,37.54 ± 32.47,43.80 ± 35.55
scanning,SCAFFOLD,10,79.50 ± 9.08,87.69 ± 7.03,82.94 ± 5.44
scanning,ServerOnly,10,94.03 ± 2.06,90.92 ± 3.11,92.40 ± 1.51
xss,DeepTrust-V,10,91.31 ± 3.79,60.70 ± 21.64,70.41 ± 17.18
xss,DyF-ZTL-R,10,93.19 ± 3.90,92.85 ± 5.07,92.85 ± 1.85
xss,DyF-ZTL-V,10,95.12 ± 3.86,92.20 ± 6.90,93.40 ± 2.94
xss,DyF-ZTL-v1,10,87.33 ± 9.22,96.18 ± 5.25,91.08 ± 4.05
xss,FedAvg,10,7.21 ± 22.23,1.72 ± 5.26,2.78 ± 8.50
xss,FedAvg-U,10,83.58 ± 6.88,62.90 ± 33.03,66.67 ± 25.99
xss,FedProx,10,78.95 ± 41.62,31.50 ± 28.52,41.21 ± 33.49
xss,FedProx-U,10,80.04 ± 7.38,91.83 ± 13.93,84.33 ± 4.89
xss,FuzzyNoTrust,10,94.89 ± 4.68,81.56 ± 28.94,83.14 ± 28.22
xss,SCAFFOLD,10,88.35 ± 9.95,88.12 ± 12.10,87.06 ± 4.44
xss,ServerOnly,10,95.13 ± 2.52,97.69 ± 1.34,96.38 ± 1.60
