run_id,preset,method,seed,ratio,attack,acc,f1,far_b,asr,asr_cond,attack_to_normal,wall_time_s,attacker_rejection,attacker_weight,mean_blend,share_rounds_full_poison,share_rounds_clean_fallback,attacker_evidence_good,honest_rejection,method_label,knowledge,payload
DyF-ZTL-V_s0_p0.2_R100_75ddac7f07,ext_attacks,DyF-ZTL-V,0,0.2,adaptive_full_backdoor,97.27,91.22,2.88,27.533578872680664,25.89118182659149,2.31990231990232,2780.54,0.007499999999999951,0.20802046783625716,1.0,1.0,0.0,0.995,0.11750000000000005,DyF-ZTL (v2.2),surrogate (own data),backdoor
DyF-ZTL-V_s0_p0.2_R100_93dc6b01f7,ext_attacks,DyF-ZTL-V,0,0.2,oracle_full_flip,96.4,81.9,2.88,6.34920671582222,1.9317450001835823,5.1892551892551895,3140.32,0.0,0.2021604010025062,0.6047499999999999,0.0,0.0,1.0,0.07437499999999997,DyF-ZTL (v2.2),oracle (white-box server),label flip
DyF-ZTL-V_s0_p0.2_R100_a21cc92e40,ext_attacks,DyF-ZTL-V,0,0.2,oracle_full_backdoor,97.24,91.24,3.02,16.727717220783234,14.918851852416992,2.1367521367521367,3094.24,0.0,0.2116006683375103,0.9997499999999999,0.9975,0.0,1.0,0.13,DyF-ZTL (v2.2),oracle (white-box server),backdoor
DyF-ZTL-V_s0_p0.2_R100_e9b53a2d8e,ext_attacks,DyF-ZTL-V,0,0.2,adaptive_full_flip,96.29,86.79,2.64,4.9450550228357315,0.7152145728468895,6.105006105006105,2803.93,0.18500000000000005,0.165313645633692,0.6087499999999999,0.0025,0.0,0.9325,0.05874999999999997,DyF-ZTL (v2.2),surrogate (own data),label flip
DyF-ZTL-V_s0_p0.4_R100_0cbbe3d0cf,ext_attacks,DyF-ZTL-V,0,0.4,adaptive_full_flip,96.29,88.18,2.64,8.791209012269974,3.5760726779699326,5.921855921855921,4376.39,0.24624999999999997,0.3156393127426408,0.5622499999999999,0.00125,0.0,0.88625,0.01666666666666672,DyF-ZTL (v2.2),surrogate (own data),label flip
DyF-ZTL-V_s0_p0.4_R100_3a2ab86ae2,ext_attacks,DyF-ZTL-V,0,0.4,oracle_full_flip,96.67,88.28,2.88,5.677655711770058,2.1059349179267883,4.212454212454213,4480.8,0.0,0.40865162907268165,0.5423749999999999,0.0,0.0,1.0,0.11750000000000005,DyF-ZTL (v2.2),oracle (white-box server),label flip
DyF-ZTL-V_s0_p0.4_R100_54ec4d98fd,ext_attacks,DyF-ZTL-V,0,0.4,oracle_full_backdoor,96.84,86.7,3.05,93.10134053230286,92.85714030265808,3.418803418803419,4438.0,0.011249999999999982,0.4162832080200498,0.983,0.98,0.01125,0.99125,0.15916666666666668,DyF-ZTL (v2.2),oracle (white-box server),backdoor
DyF-ZTL-V_s0_p0.4_R100_5d53567697,ext_attacks,DyF-ZTL-V,0,0.4,adaptive_full_backdoor,96.63,84.2,3.24,82.90598392486572,82.256019115448,3.6630036630036633,4317.8,0.02749999999999997,0.4132454420364635,1.0,1.0,0.0,0.9825,0.16333333333333333,DyF-ZTL (v2.2),surrogate (own data),backdoor
DyF-ZTL-V_s1_p0.2_R100_00cc690d1d,ext_attacks,DyF-ZTL-V,1,0.2,adaptive_full_flip,96.65,90.19,3.13,6.715507060289383,3.365079313516617,3.8461538461538463,3016.27,0.31000000000000005,0.1530538355693153,0.5832499999999999,0.0,0.0,0.805,0.10812500000000003,DyF-ZTL (v2.2),surrogate (own data),label flip
DyF-ZTL-V_s1_p0.2_R100_3f7868ecb1,ext_attacks,DyF-ZTL-V,1,0.2,adaptive_full_backdoor,97.27,91.06,3.21,6.288156658411026,4.779639840126038,1.6483516483516485,2957.99,0.25,0.16847329721362225,1.0,1.0,0.0,0.7375,0.130625,DyF-ZTL (v2.2),surrogate (own data),backdoor
DyF-ZTL-V_s1_p0.2_R100_71ee9dc4b5,ext_attacks,DyF-ZTL-V,1,0.2,oracle_full_backdoor,97.2,90.67,3.24,6.654457002878189,4.9751244485378265,1.8315018315018317,3155.81,0.25,0.168157120743034,0.7445,0.7375,0.25,0.75,0.12875000000000003,DyF-ZTL (v2.2),oracle (white-box server),backdoor
DyF-ZTL-V_s1_p0.2_R100_8ecd54e4b8,ext_attacks,DyF-ZTL-V,1,0.2,oracle_full_flip,96.59,90.16,3.1,8.24175849556923,4.519414529204369,4.09035409035409,3186.24,0.17000000000000004,0.17989060887512884,0.5954999999999999,0.0,0.015,0.985,0.11875000000000002,DyF-ZTL (v2.2),oracle (white-box server),label flip
DyF-ZTL-V_s1_p0.4_R100_0a03ed2006,ext_attacks,DyF-ZTL-V,1,0.4,adaptive_full_flip,96.82,90.27,3.38,2.2588523104786873,1.0671688243746758,2.7472527472527473,3523.12,0.10875000000000001,0.3871854145166836,0.54625,0.0,0.0,0.93625,0.15333333333333332,DyF-ZTL (v2.2),surrogate (own data),label flip
DyF-ZTL-V_s1_p0.4_R100_1f0d0010e8,ext_attacks,DyF-ZTL-V,1,0.4,adaptive_full_backdoor,96.5,87.74,3.1,100.0,100.0,4.395604395604396,3520.78,0.15375000000000005,0.36242681458548304,1.0,1.0,0.0,0.835,0.08916666666666662,DyF-ZTL (v2.2),surrogate (own data),backdoor
DyF-ZTL-V_s1_p0.4_R100_c01d056fc7,ext_attacks,DyF-ZTL-V,1,0.4,oracle_full_flip,96.74,90.56,3.4,1.343101356178522,0.8176100440323353,2.93040293040293,4009.25,0.05625000000000002,0.40420467836257273,0.55275,0.0,0.03125,0.96875,0.15666666666666662,DyF-ZTL (v2.2),oracle (white-box server),label flip
DyF-ZTL-V_s1_p0.4_R100_c857527394,ext_attacks,DyF-ZTL-V,1,0.4,oracle_full_backdoor,97.06,91.02,2.91,98.29059839248657,98.23788404464722,2.9914529914529915,3989.3,0.125,0.3654327485380115,0.8533749999999999,0.8375,0.1325,0.86875,0.06833333333333336,DyF-ZTL (v2.2),oracle (white-box server),backdoor
DyF-ZTL-V_s2_p0.2_R100_22ac9222b6,ext_attacks,DyF-ZTL-V,2,0.2,adaptive_full_flip,96.88,91.6,4.31,0.4884005058556795,0.061349692987278104,0.4884004884004884,3554.84,0.10250000000000004,0.18643446852425175,0.53525,0.0,0.0,0.9875,0.09312500000000001,DyF-ZTL (v2.2),surrogate (own data),label flip
DyF-ZTL-V_s2_p0.2_R100_2387aea270,ext_attacks,DyF-ZTL-V,2,0.2,adaptive_full_backdoor,97.1,90.7,3.6,1.587301678955555,0.4331683274358511,1.221001221001221,3531.07,0.0,0.2049418644650842,1.0,1.0,0.0,1.0,0.08999999999999997,DyF-ZTL (v2.2),surrogate (own data),backdoor
DyF-ZTL-V_s2_p0.2_R100_6867eddd2c,ext_attacks,DyF-ZTL-V,2,0.2,oracle_full_flip,97.1,91.92,3.84,0.5494505632668734,0.06153846043162048,0.7326007326007326,3603.54,0.0,0.20352715121136164,0.5869999999999999,0.0,0.0,1.0,0.08250000000000002,DyF-ZTL (v2.2),oracle (white-box server),label flip
DyF-ZTL-V_s2_p0.2_R100_b8e604d90c,ext_attacks,DyF-ZTL-V,2,0.2,oracle_full_backdoor,97.1,90.7,3.6,1.587301678955555,0.4331683274358511,1.221001221001221,3536.41,0.0,0.2049418644650842,1.0,1.0,0.0,1.0,0.08999999999999997,DyF-ZTL (v2.2),oracle (white-box server),backdoor
DyF-ZTL-V_s2_p0.4_R100_1676e21568,ext_attacks,DyF-ZTL-V,2,0.4,adaptive_full_backdoor,95.85,84.22,4.69,59.8901093006134,58.67924690246582,2.93040293040293,3925.11,0.0,0.3986666666666666,1.0,1.0,0.0,1.0,0.07750000000000001,DyF-ZTL (v2.2),surrogate (own data),backdoor
DyF-ZTL-V_s2_p0.4_R100_a83f508f27,ext_attacks,DyF-ZTL-V,2,0.4,oracle_full_flip,97.18,91.35,3.21,1.404151413589716,0.18679950153455138,1.8315018315018317,4391.82,0.0,0.39923809523809517,0.5582499999999999,0.0,0.0,1.0,0.07999999999999996,DyF-ZTL (v2.2),oracle (white-box server),label flip
DyF-ZTL-V_s2_p0.4_R100_cb2017b3ae,ext_attacks,DyF-ZTL-V,2,0.4,adaptive_full_flip,96.82,90.22,3.71,1.587301678955555,0.4984423518180847,1.8315018315018317,4008.41,0.12250000000000005,0.3667688338493289,0.54375,0.0,0.0,0.92125,0.08083333333333331,DyF-ZTL (v2.2),surrogate (own data),label flip
DyF-ZTL-V_s2_p0.4_R100_fbabd04e19,ext_attacks,DyF-ZTL-V,2,0.4,oracle_full_backdoor,95.85,84.22,4.69,59.8901093006134,58.67924690246582,2.93040293040293,4288.61,0.0,0.3986666666666666,1.0,1.0,0.0,1.0,0.07750000000000001,DyF-ZTL (v2.2),oracle (white-box server),backdoor
DyF-ZTL-V_s3_p0.2_R100_0ef44c3d23,ext_attacks,DyF-ZTL-V,3,0.2,adaptive_full_flip,97.37,91.9,3.21,1.2820512987673283,0.2475247485563159,1.3431013431013432,3154.98,0.0,0.1996491228070175,0.5819999999999999,0.0,0.0,0.99,0.06000000000000005,DyF-ZTL (v2.2),surrogate (own data),label flip
DyF-ZTL-V_s3_p0.2_R100_34eef73f28,ext_attacks,DyF-ZTL-V,3,0.2,oracle_full_backdoor,96.53,90.18,4.53,9.401709586381912,8.456790447235107,1.098901098901099,3371.79,0.0,0.2090351614329942,1.0,1.0,0.0,1.0,0.11187499999999995,DyF-ZTL (v2.2),oracle (white-box server),backdoor
DyF-ZTL-V_s3_p0.2_R100_5392a9fd0e,ext_attacks,DyF-ZTL-V,3,0.2,oracle_full_flip,97.29,91.55,3.21,1.2820512987673283,0.4962779115885496,1.465201465201465,3389.7,0.0,0.20185964912280693,0.5869999999999999,0.0,0.0,1.0,0.073125,DyF-ZTL (v2.2),oracle (white-box server),label flip
DyF-ZTL-V_s3_p0.2_R100_8cc1da1af4,ext_attacks,DyF-ZTL-V,3,0.2,adaptive_full_backdoor,96.53,90.18,4.53,9.401709586381912,8.456790447235107,1.098901098901099,3133.97,0.0,0.2090351614329942,1.0,1.0,0.0,1.0,0.11187499999999995,DyF-ZTL (v2.2),surrogate (own data),backdoor
DyF-ZTL-V_s3_p0.4_R100_1d4c47edf0,ext_attacks,DyF-ZTL-V,3,0.4,adaptive_full_flip,96.8,90.07,4.2,0.7936508394777775,0.06165227969177067,0.9768009768009768,4005.4,0.14625,0.3608735810113516,0.5648749999999999,0.0,0.0,0.89125,0.07750000000000001,DyF-ZTL (v2.2),surrogate (own data),label flip
DyF-ZTL-V_s3_p0.4_R100_c0c8008bf5,ext_attacks,DyF-ZTL-V,3,0.4,oracle_full_flip,97.24,92.11,3.65,1.343101356178522,0.6769230589270592,0.7326007326007326,4395.41,0.0,0.3986666666666666,0.5558749999999999,0.0,0.0,1.0,0.07750000000000001,DyF-ZTL (v2.2),oracle (white-box server),label flip
DyF-ZTL-V_s3_p0.4_R100_dc49c75100,ext_attacks,DyF-ZTL-V,3,0.4,adaptive_full_backdoor,96.74,90.65,4.47,100.0,100.0,0.5494505494505495,3951.12,0.0024999999999999467,0.41277738463806557,1.0,1.0,0.0,0.99375,0.13249999999999995,DyF-ZTL (v2.2),surrogate (own data),backdoor
DyF-ZTL-V_s3_p0.4_R100_f3323eaf17,ext_attacks,DyF-ZTL-V,3,0.4,oracle_full_backdoor,96.84,90.86,4.34,100.0,100.0,0.5494505494505495,4282.54,0.0,0.4097431814831194,0.9990000000000001,0.99625,0.0,1.0,0.11833333333333329,DyF-ZTL (v2.2),oracle (white-box server),backdoor
DyF-ZTL-V_s4_p0.2_R100_5a6ed8220c,ext_attacks,DyF-ZTL-V,4,0.2,oracle_full_flip,96.72,88.68,2.66,3.4188035875558853,0.32010243739932775,4.5787545787545785,3193.07,0.0,0.20444444444444435,0.6217499999999999,0.0,0.0,1.0,0.08750000000000002,DyF-ZTL (v2.2),oracle (white-box server),label flip
DyF-ZTL-V_s4_p0.2_R100_87c6d11c41,ext_attacks,DyF-ZTL-V,4,0.2,adaptive_full_backdoor,97.33,91.97,3.16,5.372405424714088,4.094292968511581,1.5873015873015872,2837.67,0.0,0.22117253919111485,0.9997499999999999,0.9975,0.0,1.0,0.18000000000000005,DyF-ZTL (v2.2),surrogate (own data),backdoor
DyF-ZTL-V_s4_p0.2_R100_9719d9cfaf,ext_attacks,DyF-ZTL-V,4,0.2,oracle_full_backdoor,97.33,91.97,3.16,5.372405424714088,4.094292968511581,1.5873015873015872,3130.96,0.0,0.22117253919111485,0.9997499999999999,0.9975,0.0,1.0,0.18000000000000005,DyF-ZTL (v2.2),oracle (white-box server),backdoor
DyF-ZTL-V_s4_p0.2_R100_c2d3482778,ext_attacks,DyF-ZTL-V,4,0.2,adaptive_full_flip,96.86,87.7,2.74,4.517704620957375,1.653943955898285,3.968253968253968,2866.83,0.030000000000000027,0.2049583763329892,0.6077499999999999,0.0,0.0,0.985,0.12187499999999996,DyF-ZTL (v2.2),surrogate (own data),label flip
DyF-ZTL-V_s4_p0.4_R100_876fd1f806,ext_attacks,DyF-ZTL-V,4,0.4,adaptive_full_backdoor,97.41,92.65,3.49,91.69719219207764,91.64619445800781,0.6105006105006106,3951.62,0.020000000000000018,0.4070405793896504,0.999875,0.99875,0.0,0.9875,0.12916666666666665,DyF-ZTL (v2.2),surrogate (own data),backdoor
DyF-ZTL-V_s4_p0.4_R100_c95c684700,ext_attacks,DyF-ZTL-V,4,0.4,oracle_full_backdoor,97.35,92.31,3.4,99.93894696235657,99.93834495544434,0.9768009768009768,4249.86,0.0050000000000000044,0.41365594746670575,0.989375,0.97875,0.00375,0.99625,0.13916666666666666,DyF-ZTL (v2.2),oracle (white-box server),backdoor
DyF-ZTL-V_s4_p0.4_R100_cfebdf619b,ext_attacks,DyF-ZTL-V,4,0.4,oracle_full_flip,96.48,87.42,2.61,3.2356534153223038,0.6464124191552401,5.4945054945054945,4251.66,0.0,0.4247819548872178,0.54925,0.0,0.0,1.0,0.17833333333333334,DyF-ZTL (v2.2),oracle (white-box server),label flip
DyF-ZTL-V_s4_p0.4_R100_f0ac470e8e,ext_attacks,DyF-ZTL-V,4,0.4,adaptive_full_flip,97.08,90.86,2.74,2.1367521956562996,0.12626262614503503,3.235653235653236,4004.49,0.08750000000000002,0.3971284399724799,0.53975,0.0,0.0,0.95625,0.16166666666666663,DyF-ZTL (v2.2),surrogate (own data),label flip
FLTrust_s0_p0.2_R100_bbfe4dc5cc,ext_attacks,FLTrust,0,0.2,adaptive_full_flip,96.02,88.61,4.25,2.0757021382451057,0.315855978988111,3.235653235653236,2489.18,0.4175,0.07034345781248862,,,,,0.10312500000000002,FLTrust,surrogate (own data),label flip
FLTrust_s0_p0.2_R100_fe05a9c61d,ext_attacks,FLTrust,0,0.2,adaptive_full_backdoor,95.66,87.12,4.53,3.17460335791111,1.4612452127039433,3.907203907203907,2500.03,0.38749999999999996,0.0788373889092511,,,,,0.13312500000000005,FLTrust,surrogate (own data),backdoor
FLTrust_s0_p0.4_R100_1c3f1a8abc,ext_attacks,FLTrust,0,0.4,adaptive_full_flip,96.33,89.93,4.56,1.8315019086003304,0.9316770359873772,1.5873015873015872,3947.19,0.22499999999999998,0.2268920601966357,,,,,0.04749999999999999,FLTrust,surrogate (own data),label flip
FLTrust_s0_p0.4_R100_2c6f343e82,ext_attacks,FLTrust,0,0.4,adaptive_full_backdoor,95.91,89.46,4.45,6.288156658411026,3.914141282439232,3.235653235653236,3921.61,0.40249999999999997,0.17121628840330413,,,,,0.09416666666666662,FLTrust,surrogate (own data),backdoor
FLTrust_s1_p0.2_R100_721ae87464,ext_attacks,FLTrust,1,0.2,adaptive_full_backdoor,95.0,84.93,4.53,13.003663718700409,7.667316496372223,6.043956043956044,2690.57,0.27749999999999997,0.14048761112197286,,,,,0.20999999999999996,FLTrust,surrogate (own data),backdoor
FLTrust_s1_p0.2_R100_d33308166b,ext_attacks,FLTrust,1,0.2,adaptive_full_flip,95.87,88.28,4.17,2.442002482712269,0.25445292703807354,4.029304029304029,2692.87,0.18500000000000005,0.1489973434628923,,,,,0.07437499999999997,FLTrust,surrogate (own data),label flip
FLTrust_s1_p0.4_R100_96d46d8445,ext_attacks,FLTrust,1,0.4,adaptive_full_flip,94.89,83.89,3.95,2.9914529994130135,0.0,7.631257631257632,3176.64,0.10250000000000004,0.28738290124103827,,,,,0.026666666666666616,FLTrust,surrogate (own data),label flip
FLTrust_s1_p0.4_R100_d303af5ffc,ext_attacks,FLTrust,1,0.4,adaptive_full_backdoor,95.85,88.01,4.23,98.90109896659851,98.91926050186157,3.968253968253968,3203.85,0.22999999999999998,0.3755204231529411,,,,,0.2316666666666667,FLTrust,surrogate (own data),backdoor
FLTrust_s2_p0.2_R100_0a936563b0,ext_attacks,FLTrust,2,0.2,adaptive_full_flip,96.08,89.14,5.46,0.42735044844448566,0.061349692987278104,0.4273504273504274,3264.04,0.14249999999999996,0.19877115757110478,,,,,0.171875,FLTrust,surrogate (own data),label flip
FLTrust_s2_p0.2_R100_573cf55666,ext_attacks,FLTrust,2,0.2,adaptive_full_backdoor,96.52,90.93,4.89,5.189255252480507,4.963235184550285,0.3663003663003663,3257.27,0.28500000000000003,0.12168898008854842,,,,,0.25875000000000004,FLTrust,surrogate (own data),backdoor
FLTrust_s2_p0.4_R100_98366c046d,ext_attacks,FLTrust,2,0.4,adaptive_full_flip,96.19,89.63,5.22,0.9157509543001652,0.3687768941745162,0.6715506715506716,3676.08,0.27125,0.2620654703240918,,,,,0.09999999999999998,FLTrust,surrogate (own data),label flip
FLTrust_s2_p0.4_R100_e27466e115,ext_attacks,FLTrust,2,0.4,adaptive_full_backdoor,96.16,89.19,5.08,3.2356534153223038,2.6543209329247475,1.098901098901099,3674.1,0.5349999999999999,0.14226535888737252,,,,,0.15500000000000003,FLTrust,surrogate (own data),backdoor
FLTrust_s3_p0.2_R100_dee3768e5c,ext_attacks,FLTrust,3,0.2,adaptive_full_flip,96.08,88.1,4.83,2.6251526549458504,0.9956440888345242,1.6483516483516485,2865.53,0.07999999999999996,0.20419219593067064,,,,,0.18125000000000002,FLTrust,surrogate (own data),label flip
FLTrust_s3_p0.2_R100_f32217c072,ext_attacks,FLTrust,3,0.2,adaptive_full_backdoor,95.95,88.7,5.63,67.39926934242249,67.28054285049438,0.5494505494505495,2884.59,0.08750000000000002,0.2761422161913091,,,,,0.29500000000000004,FLTrust,surrogate (own data),backdoor
FLTrust_s3_p0.4_R100_21718e81dd,ext_attacks,FLTrust,3,0.4,adaptive_full_backdoor,96.1,88.99,5.24,71.00121974945068,70.79482674598694,0.9157509157509158,3659.85,0.18625000000000003,0.39392918049610814,,,,,0.2816666666666666,FLTrust,surrogate (own data),backdoor
FLTrust_s3_p0.4_R100_4c151f9d14,ext_attacks,FLTrust,3,0.4,adaptive_full_flip,96.14,89.77,5.3,1.2820512987673283,0.6146281491965055,0.6715506715506716,3648.22,0.33625000000000005,0.27823517821258525,,,,,0.1875,FLTrust,surrogate (own data),label flip
FLTrust_s4_p0.2_R100_07076897e5,ext_attacks,FLTrust,4,0.2,adaptive_full_flip,96.14,89.36,5.35,0.6105006206780672,0.3069367725402117,0.5494505494505495,2561.6,0.23250000000000004,0.1311379959046222,,,,,0.09999999999999998,FLTrust,surrogate (own data),label flip
FLTrust_s4_p0.2_R100_68ac571b4f,ext_attacks,FLTrust,4,0.2,adaptive_full_backdoor,96.14,89.47,5.02,2.686202712357044,2.1645022556185722,1.221001221001221,2556.95,0.41000000000000003,0.0938475540662683,,,,,0.16500000000000004,FLTrust,surrogate (own data),backdoor
FLTrust_s4_p0.4_R100_36ab7fbd65,ext_attacks,FLTrust,4,0.4,adaptive_full_flip,96.19,89.29,4.83,2.0757021382451057,1.5499070286750793,1.282051282051282,3624.08,0.15500000000000003,0.26605072778119987,,,,,0.02833333333333332,FLTrust,surrogate (own data),label flip
FLTrust_s4_p0.4_R100_48c4921c41,ext_attacks,FLTrust,4,0.4,adaptive_full_backdoor,96.46,90.39,4.75,76.25152468681335,76.1083722114563,0.8547008547008548,3622.3,0.22375,0.3152975352830153,,,,,0.10916666666666663,FLTrust,surrogate (own data),backdoor
