knowledge,payload,ratio,method,n,acc,acc_sd,f1,asr_cond,attack_to_normal,attacker_rejection,attacker_weight,honest_rejection,mean_blend,rounds_full_poison,rounds_clean_fallback,attacker_evidence_good
form of the rule only (paper),backdoor,0.2,DyF-ZTL (v2.2),5,97.2,0.16552945357246623,91.042,3.929173704236746,1.978021978021978,,,,,,,
form of the rule only (paper),backdoor,0.2,FLTrust,5,96.03,0.4895406009719741,88.874,4.704027138650417,2.1245421245421245,,,,,,,
form of the rule only (paper),backdoor,0.4,DyF-ZTL (v2.2),5,97.058,0.3914332637883544,89.486,9.021264985203743,2.0757020757020754,,,,,,,
form of the rule only (paper),backdoor,0.4,FLTrust,5,95.79999999999998,1.0899311904886462,87.894,12.523040249943733,3.076923076923077,,,,,,,
form of the rule only (paper),label flip,0.2,DyF-ZTL (v2.2),5,97.20399999999998,0.30778239065937285,90.35799999999999,1.2065074837300926,1.9413919413919416,,,,,,,
form of the rule only (paper),label flip,0.2,FLTrust,5,96.146,0.3948797285250315,89.098,1.8170351500157267,2.2344322344322345,,,,,,,
form of the rule only (paper),label flip,0.4,DyF-ZTL (v2.2),5,97.14,0.47812132351527853,90.51599999999999,1.3142598047852516,2.8449328449328446,,,,,,,
form of the rule only (paper),label flip,0.4,FLTrust,5,96.106,0.1892881401461803,89.392,1.175578343681991,0.744810744810745,,,,,,,
oracle (white-box server),backdoor,0.2,DyF-ZTL (v2.2),5,97.07999999999998,0.31835514759463085,90.952,6.575645608827472,1.5750915750915753,5.0,20.298147083394753,12.812499999999998,0.9488,94.65,5.0,95.0
oracle (white-box server),backdoor,0.4,DyF-ZTL (v2.2),5,96.78800000000001,0.5645972015516917,89.022,89.94252324104309,2.1733821733821737,2.8249999999999997,40.07563504349106,11.25,0.96495,95.85,2.9500000000000006,97.125
oracle (white-box server),label flip,0.2,DyF-ZTL (v2.2),5,96.82000000000001,0.3669468626381743,88.84200000000001,1.4658156677614897,3.2112332112332114,3.400000000000001,19.837645093124962,8.725000000000001,0.5992,0.0,0.3,99.69999999999999
oracle (white-box server),label flip,0.4,DyF-ZTL (v2.2),5,96.86200000000001,0.3322950496170527,89.944,0.8867359883151948,3.04029304029304,1.1250000000000004,40.71086048454468,12.2,0.5517,0.0,0.625,99.375
surrogate (own data),backdoor,0.2,DyF-ZTL (v2.2),5,97.1,0.3299999999999982,91.026,8.731014681980014,1.5750915750915753,5.149999999999999,20.232866602781453,12.6,0.9999499999999999,99.95,0.0,94.65
surrogate (own data),backdoor,0.2,FLTrust,5,95.854,0.570420897232911,88.22999999999999,16.70736839994788,2.4175824175824174,28.950000000000003,14.220075007546995,21.237500000000004,,,,
surrogate (own data),backdoor,0.4,DyF-ZTL (v2.2),5,96.626,0.5580591366513056,87.89199999999998,86.51629209518433,2.4297924297924296,4.074999999999999,39.88313774632658,11.833333333333332,0.9999750000000001,99.97500000000001,0.0,95.975
surrogate (own data),backdoor,0.4,FLTrust,5,96.09599999999999,0.24068651811017533,89.208,50.47818433493376,2.014652014652015,31.55,27.96457572445482,17.43333333333333,,,,
surrogate (own data),label flip,0.2,DyF-ZTL (v2.2),5,96.81,0.39274673773310836,89.636,1.208622456761077,3.1501831501831505,12.550000000000002,18.188188977345316,8.8375,0.5833999999999999,0.05,0.0,94.0
surrogate (own data),label flip,0.2,FLTrust,5,96.03799999999998,0.10305338422390412,88.69800000000001,0.3868478920776397,1.978021978021978,21.150000000000002,15.068843013635568,12.612499999999999,,,,
surrogate (own data),label flip,0.4,DyF-ZTL (v2.2),5,96.762,0.28813191423373735,89.91999999999999,1.0659197519998997,2.942612942612943,14.225000000000001,36.55191164184969,9.8,0.551375,0.025,0.0,91.82499999999999
surrogate (own data),label flip,0.4,FLTrust,5,95.948,0.5956676925937807,88.502,0.6929978216066957,2.3687423687423688,21.800000000000004,26.412526755111017,7.799999999999999,,,,
