round,participants,revoked,missed,received,admitted,attackers_admitted,bytes_down,bytes_up,bytes_control,model_bytes,t_local_median,cpu_local_median,cpu_clients_total,cpu_server,energy_clients_J,energy_server_J,t_collect,t_gate,t_aggregate,t_round,threshold,val_acc,states
1,20,0,0,20,16,0,140100,141380,26756,6941,5.531301449984312,4.5625,95.21875,2.96875,1571.109375,48.984375,9.219486100017093,3.142343800049275,0.0020571999484673142,12.37245309993159,0.68,91.00378751754761,"{""trusted"": 16, ""probation"": 0, ""excluded"": 4, ""revoked"": 0}"
2,20,0,1,19,15,0,140100,134311,26756,6941,0.8015545000089332,0.8125,14.53125,0.984375,239.765625,16.2421875,2.6438972000032663,0.9771983999526128,0.001901600044220686,3.631363800028339,0.6160000000000001,92.12121367454529,"{""trusted"": 16, ""probation"": 0, ""excluded"": 4, ""revoked"": 0}"
3,20,0,0,20,16,0,140100,141380,26756,6941,0.63201390003087,0.625,16.53125,0.96875,272.765625,15.984375,1.8324956999858841,0.9658386999508366,0.0019934000447392464,2.80850029992871,0.6032,94.84848380088806,"{""trusted"": 16, ""probation"": 0, ""excluded"": 4, ""revoked"": 0}"
4,20,0,0,20,16,0,140100,141380,26756,6941,0.5996691000182182,0.6015625,16.015625,0.953125,264.2578125,15.7265625,3.582340200082399,0.9659736000467092,0.0019486999372020364,4.565902500064112,0.60064,95.32197117805481,"{""trusted"": 16, ""probation"": 0, ""excluded"": 0, ""revoked"": 4}"
5,16,4,0,16,16,0,112080,113104,21200,6941,0.3646776499808766,0.3671875,11.671875,0.953125,192.5859375,15.7265625,3.298079499974847,0.9452615999616683,0.0019403001060709357,4.253266200073995,0.60064,95.60605883598328,"{""trusted"": 16, ""probation"": 0, ""excluded"": 0, ""revoked"": 4}"
6,16,4,0,16,16,0,112080,113104,21200,6941,0.40676990000065416,0.4140625,12.125,0.96875,200.0625,15.984375,3.3061626000562683,0.9551339999306947,0.0019432000117376447,4.271204799995758,0.60064,95.75757384300232,"{""trusted"": 16, ""probation"": 0, ""excluded"": 0, ""revoked"": 4}"
7,16,4,0,16,16,0,112080,113104,21200,6941,0.41002640000078827,0.4140625,11.859375,0.96875,195.6796875,15.984375,3.3519027000293136,0.9682025999063626,0.0019381000893190503,4.330028700060211,0.60064,95.79545259475708,"{""trusted"": 16, ""probation"": 0, ""excluded"": 0, ""revoked"": 4}"
8,16,4,0,16,16,0,112080,113104,21200,6941,0.3893257000017911,0.3984375,11.546875,0.953125,190.5234375,15.7265625,3.1804089999059215,0.943783099995926,0.0019242999842390418,4.134014599956572,0.60064,95.85227370262146,"{""trusted"": 16, ""probation"": 0, ""excluded"": 0, ""revoked"": 4}"
9,16,4,0,16,16,0,112080,113104,21200,6941,0.37111335003282875,0.375,11.6875,0.953125,192.84375,15.7265625,3.281784599996172,0.95197520009242,0.0019570000004023314,4.243758999975398,0.60064,95.8712100982666,"{""trusted"": 16, ""probation"": 0, ""excluded"": 0, ""revoked"": 4}"
10,16,4,0,16,16,0,112080,113104,21200,6941,0.40060349996201694,0.390625,11.5,0.953125,189.75,15.7265625,3.2223799999337643,0.9552940999856219,0.00197350000962615,4.187630799948238,0.60064,96.02272510528564,"{""trusted"": 16, ""probation"": 0, ""excluded"": 0, ""revoked"": 4}"
11,16,4,0,16,16,0,112080,113104,21200,6941,0.4006563500734046,0.3984375,11.703125,0.953125,193.1015625,15.7265625,3.227325199986808,0.9542502999538556,0.0019277000101283193,4.191397899994627,0.60064,96.0606038570404,"{""trusted"": 16, ""probation"": 0, ""excluded"": 0, ""revoked"": 4}"
12,16,4,0,16,16,0,112080,113104,21200,6941,0.405423550051637,0.4140625,11.890625,0.96875,196.1953125,15.984375,3.3614251000108197,0.9549364999402314,0.0019403999904170632,4.326324200024828,0.60064,96.07954621315002,"{""trusted"": 16, ""probation"": 0, ""excluded"": 0, ""revoked"": 4}"
13,16,4,0,16,16,0,112080,113104,21200,6941,0.39096635003807023,0.3984375,11.703125,0.9375,193.1015625,15.46875,3.2793942999560386,0.9472205999772996,0.0019355000695213675,4.236475100042298,0.60064,96.15530371665955,"{""trusted"": 16, ""probation"": 0, ""excluded"": 0, ""revoked"": 4}"
14,16,4,0,16,16,0,112080,113104,21200,6941,0.4104464999982156,0.40625,11.796875,0.953125,194.6484375,15.7265625,3.298107299953699,0.9470611999277025,0.0019455000292509794,4.255025899969041,0.60064,96.34469747543335,"{""trusted"": 16, ""probation"": 0, ""excluded"": 0, ""revoked"": 4}"
15,16,4,0,16,16,0,112080,113104,21200,6941,0.3959302500006743,0.3984375,11.640625,0.953125,192.0703125,15.7265625,3.294034200021997,0.961313399951905,0.0019313000375404954,4.265299700084142,0.60064,96.32575511932373,"{""trusted"": 16, ""probation"": 0, ""excluded"": 0, ""revoked"": 4}"
16,16,4,0,16,16,0,112080,113104,21200,6941,0.41540689999237657,0.421875,11.734375,0.96875,193.6171875,15.984375,3.3034745999611914,0.9485728000290692,0.0019280000124126673,4.261886099935509,0.60064,96.32575511932373,"{""trusted"": 16, ""probation"": 0, ""excluded"": 0, ""revoked"": 4}"
17,16,4,0,16,15,0,112080,113104,21200,6941,0.4443957500043325,0.4453125,11.953125,0.953125,197.2265625,15.7265625,3.4253452999982983,0.9526762999594212,0.0018893000669777393,4.387863700045273,0.5518050067740929,96.38257622718811,"{""trusted"": 15, ""probation"": 0, ""excluded"": 1, ""revoked"": 4}"
18,16,4,0,16,15,0,112080,113104,21200,6941,0.3805523999617435,0.3828125,11.703125,0.953125,193.1015625,15.7265625,3.2032246999442577,0.9670502999797463,0.0018665000097826123,4.180213799932972,0.5377884582631262,96.34469747543335,"{""trusted"": 15, ""probation"": 0, ""excluded"": 1, ""revoked"": 4}"
19,16,4,0,16,15,0,112080,113104,21200,6941,0.36084440001286566,0.3671875,11.84375,0.96875,195.421875,15.984375,3.340700799948536,0.9671495000366122,0.005135999992489815,4.324713599984534,0.5348362386838694,96.38257622718811,"{""trusted"": 15, ""probation"": 0, ""excluded"": 1, ""revoked"": 4}"
20,16,4,0,16,15,0,112080,113104,21200,6941,0.3896169500076212,0.390625,11.609375,0.953125,191.5546875,15.7265625,3.1913904999382794,0.9580116000724956,0.001855099922977388,4.159198999986984,0.5342400592154041,96.36363387107849,"{""trusted"": 15, ""probation"": 0, ""excluded"": 0, ""revoked"": 5}"
