exp,method,seed,honest_rejection,mean_admitted,clients_below_50pct,spearman_adm_normal_share,spearman_adm_size
agg_ablation,DyF-ZTL-PS,0,0.07599999999999996,18.48,1,-0.3700408633368848,-0.5086957930359085
agg_ablation,DyF-ZTL-PS,1,0.3335,13.33,7,-0.606368986836954,-0.858446334977031
agg_ablation,DyF-ZTL-PS,2,0.46599999999999997,10.68,9,-0.3256313546066007,-0.5723217747631164
agg_ablation,DyF-ZTL-PS,3,0.28,14.4,5,-0.3325918156265172,-0.7736374841747249
agg_ablation,DyF-ZTL-PS,4,0.23299999999999998,15.34,3,-0.42892887030280596,-0.7814070038724663
agg_ablation,DyF-ZTL-PS,5,0.20450000000000002,15.91,2,-0.8197239674747376,-0.7899930463746176
agg_ablation,DyF-ZTL-PS,6,0.136,17.28,2,-0.7089547241332307,-0.7064075814117938
agg_ablation,DyF-ZTL-PS,7,0.25649999999999995,14.87,4,-0.6670317037080175,-0.841003076812526
agg_ablation,DyF-ZTL-PS,8,0.3165,13.67,7,-0.26842688186597413,-0.45122064804464374
agg_ablation,DyF-ZTL-PS,9,0.254,14.92,5,-0.675261451566342,-0.7785367323941353
agg_ablation,DyF-ZTL-U,0,0.3035,13.93,6,-0.558336502078332,-0.7350761142470126
agg_ablation,DyF-ZTL-U,1,0.47350000000000003,10.53,9,-0.6368682429360518,-0.741496597132689
agg_ablation,DyF-ZTL-U,2,0.4405,11.19,9,-0.3125287985666528,-0.590850464951881
agg_ablation,DyF-ZTL-U,3,0.4325,11.35,9,-0.18120417864490043,-0.7293657734577165
agg_ablation,DyF-ZTL-U,4,0.5435,9.13,11,-0.4066936399180114,-0.7951771168546192
agg_ablation,DyF-ZTL-U,5,0.5115000000000001,9.77,11,-0.748072904065816,-0.8258541846108854
agg_ablation,DyF-ZTL-U,6,0.47,10.6,11,-0.5539790934273792,-0.7749482823787494
agg_ablation,DyF-ZTL-U,7,0.379,12.42,7,-0.5555325579541955,-0.8356071439588039
agg_ablation,DyF-ZTL-U,8,0.4395,11.21,9,-0.1888407764337411,-0.512900874264482
agg_ablation,DyF-ZTL-U,9,0.3275,13.45,6,-0.48897622064973906,-0.7019422790144837
agg_v21,DyF-ZTL-R-W,0,0.11099999999999999,17.78,1,-0.4718443094932032,-0.5728325699782594
agg_v21,DyF-ZTL-R-W,1,0.08299999999999996,18.34,1,-0.5224880558135873,-0.5273259081822316
agg_v21,DyF-ZTL-R-W,2,0.124,17.52,1,0.02305506960812048,-0.3606471602984561
agg_v21,DyF-ZTL-R-W,3,0.14,17.2,1,-0.20996581250252583,-0.3886426019654595
agg_v21,DyF-ZTL-R-W,4,0.03500000000000003,19.3,0,-0.3663663340208491,-0.6956322797864225
agg_v21,DyF-ZTL-R-W,5,0.08599999999999997,18.28,1,-0.7670577643830966,-0.8095305088118394
agg_v21,DyF-ZTL-R-W,6,0.08599999999999997,18.28,2,-0.49408175990433895,-0.43281562167620097
agg_v21,DyF-ZTL-R-W,7,0.14449999999999996,17.11,3,-0.674349503408472,-0.6238001785915689
agg_v21,DyF-ZTL-R-W,8,0.05049999999999999,18.99,1,-0.13710212427677046,-0.24678382369818683
agg_v21,DyF-ZTL-R-W,9,0.136,17.28,2,-0.46441675420864015,-0.5024229157307045
agg_v22,DyF-ZTL-V-W,0,0.13649999999999995,17.27,2,-0.4234717813617057,-0.5550111122456023
agg_v22,DyF-ZTL-V-W,1,0.0665,18.67,1,-0.5224880558135873,-0.5273259081822316
agg_v22,DyF-ZTL-V-W,2,0.15800000000000003,16.84,2,-0.24016535896866276,-0.589805386866504
agg_v22,DyF-ZTL-V-W,3,0.11199999999999999,17.76,2,-0.5539340962097754,-0.4378256393623115
agg_v22,DyF-ZTL-V-W,4,0.11499999999999999,17.7,1,-0.2807778120131816,-0.6957690649593503
agg_v22,DyF-ZTL-V-W,5,0.02300000000000002,19.54,0,-0.5395372818155382,-0.6620695582718144
agg_v22,DyF-ZTL-V-W,6,0.08750000000000002,18.25,1,-0.43874460279505306,-0.32807028857648113
agg_v22,DyF-ZTL-V-W,7,0.126,17.48,2,-0.602536707057118,-0.7981293919633516
agg_v22,DyF-ZTL-V-W,8,0.0675,18.65,1,-0.08300573566392895,-0.23715924475408273
agg_v22,DyF-ZTL-V-W,9,0.10999999999999999,17.8,2,-0.5191085476184402,-0.4866642633922877
calibrate,DeepTrust-cal-R,100,0.0,20.0,0,,
calibrate,DeepTrust-cal-R,101,0.0,20.0,0,,
calibrate,DeepTrust-cal-R,102,0.0,20.0,0,,
calibrate,DeepTrust-cal-U,100,0.0,20.0,0,,
calibrate,DeepTrust-cal-U,101,0.0,20.0,0,,
calibrate,DeepTrust-cal-U,102,0.0,20.0,0,,
calibrate,DeepTrust-cal-V,100,0.0,20.0,0,,
calibrate,DeepTrust-cal-V,101,0.0,20.0,0,,
calibrate,DeepTrust-cal-V,102,0.0,20.0,0,,
calibrate,DeepTrust-cal,100,0.0,20.0,0,,
calibrate,DeepTrust-cal,101,0.0,20.0,0,,
calibrate,DeepTrust-cal,102,0.0,20.0,0,,
calibrate,DyF-ZTL-cal-R,100,0.0,20.0,0,,
calibrate,DyF-ZTL-cal-R,100,0.0,20.0,0,,
calibrate,DyF-ZTL-cal-R,100,0.0,20.0,0,,
calibrate,DyF-ZTL-cal-R-W,100,0.0,20.0,0,,
calibrate,DyF-ZTL-cal-R,100,0.0,20.0,0,,
calibrate,DyF-ZTL-cal-R,100,0.0,20.0,0,,
calibrate,DyF-ZTL-cal-R,100,0.0,20.0,0,,
calibrate,DyF-ZTL-cal-R,100,0.0,20.0,0,,
calibrate,DyF-ZTL-cal-R,100,0.0,20.0,0,,
calibrate,DyF-ZTL-cal-R,100,0.0,20.0,0,,
calibrate,DyF-ZTL-cal-R,100,0.0,20.0,0,,
calibrate,DyF-ZTL-cal-R,100,0.0,20.0,0,,
calibrate,DyF-ZTL-cal-R,100,0.0,20.0,0,,
calibrate,DyF-ZTL-cal-R,100,0.0,20.0,0,,
calibrate,DyF-ZTL-cal-R,100,0.0,20.0,0,,
calibrate,DyF-ZTL-cal-R,100,0.0,20.0,0,,
calibrate,DyF-ZTL-cal-R,100,0.0,20.0,0,,
calibrate,DyF-ZTL-cal-R,100,0.0,20.0,0,,
calibrate,DyF-ZTL-cal-R,100,0.0,20.0,0,,
calibrate,DyF-ZTL-cal-R,101,0.0,20.0,0,,
calibrate,DyF-ZTL-cal-R,101,0.0,20.0,0,,
calibrate,DyF-ZTL-cal-R,101,0.0,20.0,0,,
calibrate,DyF-ZTL-cal-R,101,0.0,20.0,0,,
calibrate,DyF-ZTL-cal-R,101,0.0,20.0,0,,
calibrate,DyF-ZTL-cal-R,101,0.0,20.0,0,,
calibrate,DyF-ZTL-cal-R,101,0.0,20.0,0,,
calibrate,DyF-ZTL-cal-R,101,0.0,20.0,0,,
calibrate,DyF-ZTL-cal-R,101,0.0,20.0,0,,
calibrate,DyF-ZTL-cal-R,101,0.0,20.0,0,,
calibrate,DyF-ZTL-cal-R,101,0.0,20.0,0,,
calibrate,DyF-ZTL-cal-R,101,0.0,20.0,0,,
calibrate,DyF-ZTL-cal-R,101,0.0,20.0,0,,
calibrate,DyF-ZTL-cal-R,101,0.0,20.0,0,,
calibrate,DyF-ZTL-cal-R,101,0.0,20.0,0,,
calibrate,DyF-ZTL-cal-R-W,101,0.0,20.0,0,,
calibrate,DyF-ZTL-cal-R,101,0.0,20.0,0,,
calibrate,DyF-ZTL-cal-R,101,0.0,20.0,0,,
calibrate,DyF-ZTL-cal-R,101,0.0,20.0,0,,
calibrate,DyF-ZTL-cal-R,102,0.0,20.0,0,,
calibrate,DyF-ZTL-cal-R,102,0.0,20.0,0,,
calibrate,DyF-ZTL-cal-R,102,0.0,20.0,0,,
calibrate,DyF-ZTL-cal-R,102,0.0,20.0,0,,
calibrate,DyF-ZTL-cal-R,102,0.0,20.0,0,,
calibrate,DyF-ZTL-cal-R-W,102,0.0,20.0,0,,
calibrate,DyF-ZTL-cal-R,102,0.0,20.0,0,,
calibrate,DyF-ZTL-cal-R,102,0.0,20.0,0,,
calibrate,DyF-ZTL-cal-R,102,0.0,20.0,0,,
calibrate,DyF-ZTL-cal-R,102,0.0,20.0,0,,
calibrate,DyF-ZTL-cal-R,102,0.0,20.0,0,,
calibrate,DyF-ZTL-cal-R,102,0.0,20.0,0,,
calibrate,DyF-ZTL-cal-R,102,0.0,20.0,0,,
calibrate,DyF-ZTL-cal-R,102,0.0,20.0,0,,
calibrate,DyF-ZTL-cal-R,102,0.0,20.0,0,,
calibrate,DyF-ZTL-cal-R,102,0.0,20.0,0,,
calibrate,DyF-ZTL-cal-R,102,0.0,20.0,0,,
calibrate,DyF-ZTL-cal-R,102,0.0,20.0,0,,
calibrate,DyF-ZTL-cal-R,102,0.0,20.0,0,,
calibrate,DyF-ZTL-cal-U,100,0.0,20.0,0,,
calibrate,DyF-ZTL-cal-U,100,0.0,20.0,0,,
calibrate,DyF-ZTL-cal-U,100,0.0,20.0,0,,
calibrate,DyF-ZTL-cal-U,100,0.0,20.0,0,,
calibrate,DyF-ZTL-cal-U,100,0.0,20.0,0,,
calibrate,DyF-ZTL-cal-U,100,0.0,20.0,0,,
calibrate,DyF-ZTL-cal-U,100,0.0,20.0,0,,
calibrate,DyF-ZTL-cal-U,100,0.0,20.0,0,,
calibrate,DyF-ZTL-cal-U,100,0.0,20.0,0,,
calibrate,DyF-ZTL-cal-U,100,0.0,20.0,0,,
calibrate,DyF-ZTL-cal-U,100,0.0,20.0,0,,
calibrate,DyF-ZTL-cal-U,100,0.0,20.0,0,,
calibrate,DyF-ZTL-cal-U,100,0.0,20.0,0,,
calibrate,DyF-ZTL-cal-U,101,0.0,20.0,0,,
calibrate,DyF-ZTL-cal-U,101,0.0,20.0,0,,
calibrate,DyF-ZTL-cal-U,101,0.0,20.0,0,,
calibrate,DyF-ZTL-cal-U,101,0.0,20.0,0,,
calibrate,DyF-ZTL-cal-U,101,0.0,20.0,0,,
calibrate,DyF-ZTL-cal-U,101,0.0,20.0,0,,
calibrate,DyF-ZTL-cal-U,101,0.0,20.0,0,,
calibrate,DyF-ZTL-cal-U,101,0.0,20.0,0,,
calibrate,DyF-ZTL-cal-U,101,0.0,20.0,0,,
calibrate,DyF-ZTL-cal-U,101,0.0,20.0,0,,
calibrate,DyF-ZTL-cal-U,101,0.0,20.0,0,,
calibrate,DyF-ZTL-cal-U,101,0.0,20.0,0,,
calibrate,DyF-ZTL-cal-U,101,0.0,20.0,0,,
calibrate,DyF-ZTL-cal-U,102,0.0,20.0,0,,
calibrate,DyF-ZTL-cal-U,102,0.0,20.0,0,,
calibrate,DyF-ZTL-cal-U,102,0.0,20.0,0,,
calibrate,DyF-ZTL-cal-U,102,0.0,20.0,0,,
calibrate,DyF-ZTL-cal-U,102,0.0,20.0,0,,
calibrate,DyF-ZTL-cal-U,102,0.0,20.0,0,,
calibrate,DyF-ZTL-cal-U,102,0.0,20.0,0,,
calibrate,DyF-ZTL-cal-U,102,0.0,20.0,0,,
calibrate,DyF-ZTL-cal-U,102,0.0,20.0,0,,
calibrate,DyF-ZTL-cal-U,102,0.0,20.0,0,,
calibrate,DyF-ZTL-cal-U,102,0.0,20.0,0,,
calibrate,DyF-ZTL-cal-U,102,0.0,20.0,0,,
calibrate,DyF-ZTL-cal-U,102,0.0,20.0,0,,
calibrate,DyF-ZTL-cal-V-W,100,0.0,20.0,0,,
calibrate,DyF-ZTL-cal-V,100,0.0,20.0,0,,
calibrate,DyF-ZTL-cal-V,100,0.0,20.0,0,,
calibrate,DyF-ZTL-cal-V,100,0.0,20.0,0,,
calibrate,DyF-ZTL-cal-V,100,0.0,20.0,0,,
calibrate,DyF-ZTL-cal-V,100,0.0,20.0,0,,
calibrate,DyF-ZTL-cal-V,100,0.0,20.0,0,,
calibrate,DyF-ZTL-cal-V,100,0.0,20.0,0,,
calibrate,DyF-ZTL-cal-V,100,0.0,20.0,0,,
calibrate,DyF-ZTL-cal-V,100,0.0,20.0,0,,
calibrate,DyF-ZTL-cal-V,100,0.0,20.0,0,,
calibrate,DyF-ZTL-cal-V,100,0.0,20.0,0,,
calibrate,DyF-ZTL-cal-V,100,0.0,20.0,0,,
calibrate,DyF-ZTL-cal-V,100,0.0,20.0,0,,
calibrate,DyF-ZTL-cal-V,100,0.0,20.0,0,,
calibrate,DyF-ZTL-cal-V,100,0.0,20.0,0,,
calibrate,DyF-ZTL-cal-V,100,0.0,20.0,0,,
calibrate,DyF-ZTL-cal-V,100,0.0,20.0,0,,
calibrate,DyF-ZTL-cal-V,100,0.0,20.0,0,,
calibrate,DyF-ZTL-cal-V,101,0.0,20.0,0,,
calibrate,DyF-ZTL-cal-V-W,101,0.0,20.0,0,,
calibrate,DyF-ZTL-cal-V,101,0.0,20.0,0,,
calibrate,DyF-ZTL-cal-V,101,0.0,20.0,0,,
calibrate,DyF-ZTL-cal-V,101,0.0,20.0,0,,
calibrate,DyF-ZTL-cal-V,101,0.0,20.0,0,,
calibrate,DyF-ZTL-cal-V,101,0.0,20.0,0,,
calibrate,DyF-ZTL-cal-V,101,0.0,20.0,0,,
calibrate,DyF-ZTL-cal-V,101,0.0,20.0,0,,
calibrate,DyF-ZTL-cal-V,101,0.0,20.0,0,,
calibrate,DyF-ZTL-cal-V,101,0.0,20.0,0,,
calibrate,DyF-ZTL-cal-V,101,0.0,20.0,0,,
calibrate,DyF-ZTL-cal-V,101,0.0,20.0,0,,
calibrate,DyF-ZTL-cal-V,101,0.0,20.0,0,,
calibrate,DyF-ZTL-cal-V,101,0.0,20.0,0,,
calibrate,DyF-ZTL-cal-V,101,0.0,20.0,0,,
calibrate,DyF-ZTL-cal-V,101,0.0,20.0,0,,
calibrate,DyF-ZTL-cal-V,101,0.0,20.0,0,,
calibrate,DyF-ZTL-cal-V,101,0.0,20.0,0,,
calibrate,DyF-ZTL-cal-V,102,0.0,20.0,0,,
calibrate,DyF-ZTL-cal-V,102,0.0,20.0,0,,
calibrate,DyF-ZTL-cal-V,102,0.0,20.0,0,,
calibrate,DyF-ZTL-cal-V,102,0.0,20.0,0,,
calibrate,DyF-ZTL-cal-V-W,102,0.0,20.0,0,,
calibrate,DyF-ZTL-cal-V,102,0.0,20.0,0,,
calibrate,DyF-ZTL-cal-V,102,0.0,20.0,0,,
calibrate,DyF-ZTL-cal-V,102,0.0,20.0,0,,
calibrate,DyF-ZTL-cal-V,102,0.0,20.0,0,,
calibrate,DyF-ZTL-cal-V,102,0.0,20.0,0,,
calibrate,DyF-ZTL-cal-V,102,0.0,20.0,0,,
calibrate,DyF-ZTL-cal-V,102,0.0,20.0,0,,
calibrate,DyF-ZTL-cal-V,102,0.0,20.0,0,,
calibrate,DyF-ZTL-cal-V,102,0.0,20.0,0,,
calibrate,DyF-ZTL-cal-V,102,0.0,20.0,0,,
calibrate,DyF-ZTL-cal-V,102,0.0,20.0,0,,
calibrate,DyF-ZTL-cal-V,102,0.0,20.0,0,,
calibrate,DyF-ZTL-cal-V,102,0.0,20.0,0,,
calibrate,DyF-ZTL-cal-V,102,0.0,20.0,0,,
calibrate,DyF-ZTL-cal,100,0.0,20.0,0,,
calibrate,DyF-ZTL-cal,100,0.0,20.0,0,,
calibrate,DyF-ZTL-cal,100,0.0,20.0,0,,
calibrate,DyF-ZTL-cal,100,0.0,20.0,0,,
calibrate,DyF-ZTL-cal,100,0.0,20.0,0,,
calibrate,DyF-ZTL-cal,100,0.0,20.0,0,,
calibrate,DyF-ZTL-cal,100,0.0,20.0,0,,
calibrate,DyF-ZTL-cal,100,0.0,20.0,0,,
calibrate,DyF-ZTL-cal,100,0.0,20.0,0,,
calibrate,DyF-ZTL-cal,100,0.0,20.0,0,,
calibrate,DyF-ZTL-cal,101,0.0,20.0,0,,
calibrate,DyF-ZTL-cal,101,0.0,20.0,0,,
calibrate,DyF-ZTL-cal,101,0.0,20.0,0,,
calibrate,DyF-ZTL-cal,101,0.0,20.0,0,,
calibrate,DyF-ZTL-cal,101,0.0,20.0,0,,
calibrate,DyF-ZTL-cal,101,0.0,20.0,0,,
calibrate,DyF-ZTL-cal,101,0.0,20.0,0,,
calibrate,DyF-ZTL-cal,101,0.0,20.0,0,,
calibrate,DyF-ZTL-cal,101,0.0,20.0,0,,
calibrate,DyF-ZTL-cal,101,0.0,20.0,0,,
calibrate,DyF-ZTL-cal,102,0.0,20.0,0,,
calibrate,DyF-ZTL-cal,102,0.0,20.0,0,,
calibrate,DyF-ZTL-cal,102,0.0,20.0,0,,
calibrate,DyF-ZTL-cal,102,0.0,20.0,0,,
calibrate,DyF-ZTL-cal,102,0.0,20.0,0,,
calibrate,DyF-ZTL-cal,102,0.0,20.0,0,,
calibrate,DyF-ZTL-cal,102,0.0,20.0,0,,
calibrate,DyF-ZTL-cal,102,0.0,20.0,0,,
calibrate,DyF-ZTL-cal,102,0.0,20.0,0,,
calibrate,DyF-ZTL-cal,102,0.0,20.0,0,,
chrono,DyF-ZTL-R,0,0.14949999999999997,17.01,1,-0.6950879307651212,-0.5658778562891861
chrono,DyF-ZTL-R,1,0.16300000000000003,16.74,2,-0.5261496242710352,-0.6710672046649354
chrono,DyF-ZTL-R,2,0.2975,14.05,6,0.19460376522678272,0.09008581163348975
chrono,DyF-ZTL-R,3,0.17600000000000005,16.48,2,-0.4032391711476341,-0.2966333474290028
chrono,DyF-ZTL-V,0,0.07699999999999996,18.46,0,-0.39703120174559126,-0.2435231864957776
chrono,DyF-ZTL-V,1,0.12050000000000005,17.59,0,-0.28086052954485563,-0.37947728851425716
chrono,DyF-ZTL-V,2,0.19099999999999995,16.18,2,0.23354095356137555,-0.09375892649765151
chrono,DyF-ZTL-V,3,0.16400000000000003,16.72,1,-0.19521693525904268,0.19247754228673242
chrono,DyF-ZTL-V,4,0.22050000000000003,15.59,3,0.32790147680764614,0.024401970367080642
chrono,DyF-ZTL-V,5,0.24150000000000005,15.17,5,-0.1738640388654496,-0.09348410805878098
chrono,DyF-ZTL-V,6,0.13649999999999995,17.27,1,-0.32199764188870156,-0.13402303404409513
chrono,DyF-ZTL-V,7,0.19999999999999996,16.0,3,-0.14412413748057004,0.03965320184650604
chrono,DyF-ZTL-V,8,0.11099999999999999,17.78,1,0.03127492570927992,0.13168389772328387
chrono,DyF-ZTL-V,9,0.2025,15.95,4,-0.03892075304535654,0.3151817844653383
chrono,DyF-ZTL,0,0.17700000000000005,16.46,2,-0.6939748013398923,-0.7625836737450863
chrono,DyF-ZTL,1,0.20850000000000002,15.83,2,-0.2146086771129686,-0.3147593930990206
cyclic,DeepTrust-R,0,0.1845,16.31,2,-0.12065897456704915,-0.32201344167894
cyclic,DeepTrust-R,1,0.133,17.34,1,-0.08116586916445621,-0.2064436237443778
cyclic,DeepTrust-R,2,0.22050000000000003,15.59,4,0.4146517229053742,0.41818067373861145
cyclic,DeepTrust-R,3,0.17049999999999998,16.59,4,0.49052416581997454,0.1446869841627263
cyclic,DeepTrust-V,0,0.09350000000000003,18.13,2,-0.3191281698474097,-0.5787298416921938
cyclic,DeepTrust-V,1,0.20850000000000002,15.83,4,-0.39376935180727746,-0.25798681670131973
cyclic,DeepTrust-V,2,0.14549999999999996,17.09,3,0.4075938212388997,0.41994514915523
cyclic,DeepTrust-V,3,0.15149999999999997,16.97,3,0.5612204462898988,0.28018569935804327
cyclic,DeepTrust-V,4,0.12050000000000005,17.59,1,0.09057348774618759,-0.3046562769644492
cyclic,DeepTrust,0,0.05149999999999999,18.97,0,-0.3804086485339879,-0.5599088333400689
cyclic,DeepTrust,1,0.07450000000000001,18.51,1,-0.043540671317798936,0.14029771869068544
cyclic,DyF-ZTL-R,0,0.044499999999999984,19.11,1,-0.4065456336338157,-0.3732045896056456
cyclic,DyF-ZTL-R,1,0.11050000000000004,17.79,1,-0.21563238252187733,-0.3259176468651276
cyclic,DyF-ZTL-R,2,0.09250000000000003,18.15,2,0.2253012825163786,0.18775106876364883
cyclic,DyF-ZTL-R,3,0.09250000000000003,18.15,2,0.47312436345040426,0.21537750873488554
cyclic,DyF-ZTL-v1,0,0.1376288659793814,17.24742268041237,2,-0.7433105201970589,-0.6619492198991873
cyclic,DyF-ZTL-v1,1,0.21855670103092784,15.628865979381443,3,-0.5995658987030518,-0.7197873385458232
cyclic,DyF-ZTL-v1,2,0.18556701030927836,16.288659793814432,3,-0.6519070659163984,-0.7272033227699641
cyclic,DyF-ZTL-v1,3,0.18608247422680413,16.278350515463917,4,-0.39917160898104137,-0.45850792923497996
cyclic,DyF-ZTL-v1,4,0.4226804123711341,11.54639175257732,7,-0.32942571735999204,-0.5447316712003564
cyclic,DyF-ZTL-v1,5,0.26185567010309274,14.762886597938145,5,-0.45768387826415596,-0.42577054661648517
cyclic,DyF-ZTL-v1,6,0.2865979381443299,14.268041237113403,5,-0.4490013500758738,-0.5281903007065393
cyclic,DyF-ZTL-v1,7,0.12061855670103094,17.587628865979383,2,-0.6926333017465007,-0.6786515736056552
cyclic,DyF-ZTL-v1,8,0.16752577319587625,16.649484536082475,3,-0.33258321760042375,-0.3670798811281273
cyclic,DyF-ZTL-v1,9,0.20876288659793818,15.824742268041238,4,-0.6154669034426908,-0.5888617058875312
cyclic,DyF-ZTL-V,0,0.05900000000000005,18.82,0,-0.6080985843530299,-0.5283783431116267
cyclic,DyF-ZTL-V,1,0.10250000000000004,17.95,1,-0.32747973664197755,-0.3927991450287871
cyclic,DyF-ZTL-V,2,0.14200000000000002,17.16,2,0.45347018207098366,0.2911384437420712
cyclic,DyF-ZTL-V,3,0.11550000000000005,17.69,3,0.2671227954379862,0.09367848034457156
cyclic,DyF-ZTL-V,4,0.10099999999999998,17.98,1,0.023761943643542605,-0.2724137110563278
cyclic,DyF-ZTL-V,5,0.0695,18.61,1,-0.3506187210704335,-0.4345090899155067
cyclic,DyF-ZTL-V,6,0.13649999999999995,17.27,3,-0.08819243904225631,-0.14734590425352578
cyclic,DyF-ZTL-V,7,0.122,17.56,2,-0.5513952440532424,-0.4683895083893134
cyclic,DyF-ZTL-V,8,0.15549999999999997,16.89,3,0.08293034458107483,-0.17821201707847997
cyclic,DyF-ZTL-V,9,0.12649999999999995,17.47,3,0.10763300041373543,0.08116586916445621
cyclic,DyF-ZTL,0,0.007000000000000006,19.86,0,-0.46004370622823615,-0.3123454637023287
cyclic,DyF-ZTL,1,0.10599999999999998,17.88,1,-0.020301978282386748,-0.21626020344281535
cyclic,FLTrust,0,0.18300000000000005,16.34,1,-0.17935237995781833,-0.2848537799330056
cyclic,FLTrust,1,0.2835,14.33,1,-0.6237774527308393,-0.42814158094553395
cyclic,FLTrust,2,0.21450000000000002,15.71,1,0.49585657988338006,0.5041459755957163
cyclic,FLTrust,3,0.29400000000000004,14.12,5,0.6960122361592599,0.7328820735341828
cyclic,FLTrust,4,0.13049999999999995,17.39,0,0.31674352260620375,0.05128228461243298
cyclic,FLTrust,5,0.131,17.38,0,0.3247935956378979,0.030143257135767786
cyclic,FLTrust,6,0.139,17.22,0,0.09875646890336996,0.33094725075251463
cyclic,FLTrust,7,0.11550000000000005,17.69,0,-0.6317398545116337,-0.8714692981091272
cyclic,FLTrust,8,0.239,15.22,3,0.861874843698041,0.505081240280686
cyclic,FLTrust,9,0.22950000000000004,15.41,3,0.6739465474249364,0.591115128188352
cyclic,Krum,0,0.95,1.0,20,-0.2123997227614543,-0.6937772603736585
cyclic,Krum,1,0.95,1.0,19,-0.23523838165382716,-0.46614722254101953
cyclic,Krum,2,0.95,1.0,19,-0.614746135305735,-0.8137096147822799
cyclic,Krum,3,0.95,1.0,19,-0.31214028963118967,-0.5629288671624559
cyclic,Krum,4,0.95,1.0,20,-0.5603446431831163,-0.34846768597184197
cyclic,Krum,5,0.95,1.0,19,-0.31082457174648864,-0.6420839769295977
cyclic,Krum,6,0.95,1.0,19,-0.23463583987924982,-0.488623089233077
cyclic,Krum,7,0.95,1.0,20,-0.4618818801538652,-0.4788628316301103
cyclic,Krum,8,0.95,1.0,19,-0.4644368543100787,-0.6126613822813803
cyclic,Krum,9,0.95,1.0,19,-0.4370415209168243,-0.46004370622823615
cyclic,MultiKrum,0,0.0,20.0,0,,
cyclic,MultiKrum,1,0.0,20.0,0,,
cyclic,MultiKrum,2,0.0,20.0,0,,
cyclic,MultiKrum,3,0.0,20.0,0,,
cyclic,MultiKrum,4,0.0,20.0,0,,
cyclic,MultiKrum,5,0.0,20.0,0,,
cyclic,MultiKrum,6,0.0,20.0,0,,
cyclic,MultiKrum,7,0.0,20.0,0,,
cyclic,MultiKrum,8,0.0,20.0,0,,
cyclic,MultiKrum,9,0.0,20.0,0,,
drift,DyF-ZTL-R,0,0.10250000000000004,17.95,1,-0.6906283272982977,-0.6246972220669567
drift,DyF-ZTL-R,0,0.10750000000000004,17.85,1,-0.5925775397547773,-0.5382579319439228
drift,DyF-ZTL-R,0,0.026000000000000023,19.48,0,-0.2636629540911158,-0.4112174513347678
drift,DyF-ZTL-R,1,0.11499999999999999,17.7,1,-0.6414697972589108,-0.6266285937233576
drift,DyF-ZTL-R,1,0.10999999999999999,17.8,0,-0.31768740325742234,-0.24196916206653413
drift,DyF-ZTL-R,1,0.09550000000000003,18.09,2,-0.13062201395339681,-0.4184742298877342
drift,DyF-ZTL-R,2,0.050000000000000044,19.0,0,-0.3289988830290441,-0.33073203825589875
drift,DyF-ZTL-R,2,0.15549999999999997,16.89,3,0.2865674207445166,0.0810294086243116
drift,DyF-ZTL-R,2,0.0665,18.67,1,-0.6630590471959135,-0.5901129487571463
drift,DyF-ZTL-R,3,0.0595,18.81,0,-0.1418278710457524,-0.026892518800799597
drift,DyF-ZTL-R,3,0.08299999999999996,18.34,1,0.236379785076254,0.13441203465120324
drift,DyF-ZTL-R,3,0.11250000000000004,17.75,0,0.23218682175506475,0.37609954930988476
drift,DyF-ZTL-V,0,0.12649999999999995,17.47,1,-0.7249148083258432,-0.5782843130053886
drift,DyF-ZTL-V,0,0.02400000000000002,19.52,0,-0.2626588065091813,-0.38099958746386736
drift,DyF-ZTL-V,0,0.09999999999999998,18.0,1,-0.6093125539288984,-0.5516748799085973
drift,DyF-ZTL-V,1,0.136,17.28,0,-0.4788998505399456,-0.5410946363243542
drift,DyF-ZTL-V,1,0.0625,18.75,1,-0.3838859479749573,-0.4387267976856654
drift,DyF-ZTL-V,1,0.14049999999999996,17.19,1,-0.4305450999431664,-0.29215560353286296
drift,DyF-ZTL-V,2,0.10999999999999999,17.8,2,0.15595004464789222,0.10647623738028505
drift,DyF-ZTL-V,2,0.13249999999999995,17.35,2,-0.2739876278043927,-0.2826560228175026
drift,DyF-ZTL-V,2,0.06299999999999994,18.74,0,-0.20012301464504498,-0.2524588894468987
drift,DyF-ZTL-V,3,0.08550000000000002,18.29,1,0.2114669932390571,-0.02371592447540827
drift,DyF-ZTL-V,3,0.08750000000000002,18.25,1,-0.1809117773203388,0.08968555903214774
drift,DyF-ZTL-V,3,0.11550000000000005,17.69,0,0.03939856483865157,0.03297854637056554
drift,DyF-ZTL-V,4,0.08050000000000002,18.39,1,-0.5448157027170347,-0.7201042331564287
drift,DyF-ZTL-V,4,0.01200000000000001,19.76,0,-0.10313072737147752,-0.4719856712136089
drift,DyF-ZTL-V,4,0.09350000000000003,18.13,0,-0.24220276002885016,-0.5143850147843984
drift,DyF-ZTL-V,5,0.11550000000000005,17.69,2,-0.35620834795738787,-0.07938995758636755
drift,DyF-ZTL-V,5,0.07999999999999996,18.4,1,-0.3566086620036629,-0.4876142439619037
drift,DyF-ZTL-V,6,0.11950000000000005,17.61,0,-0.2887498702624077,-0.2975400232369964
drift,DyF-ZTL-V,6,0.16400000000000003,16.72,3,-0.43804632255428916,-0.3809635925323148
drift,DyF-ZTL-V,7,0.061000000000000054,18.78,0,-0.303832881621302,-0.4149912529461686
drift,DyF-ZTL-V,7,0.05449999999999999,18.91,0,-0.29022798025081825,-0.4501831739117806
drift,DyF-ZTL-V,8,0.118,17.64,1,-0.3127492570927992,-0.3012269160420119
drift,DyF-ZTL-V,8,0.127,17.46,2,-0.1890335880484728,-0.1673148353790738
drift,DyF-ZTL-V,9,0.125,17.5,1,-0.36970450907307484,-0.30136269559186063
drift,DyF-ZTL-V,9,0.11550000000000005,17.69,1,-0.3154686270931027,-0.05232162595690484
drift,DyF-ZTL,0,0.09250000000000003,18.15,1,-0.8046180918492964,-0.8328954049813803
drift,DyF-ZTL,0,0.09050000000000002,18.19,1,-0.3468058344377046,-0.2809044882262643
drift,DyF-ZTL,0,0.0020000000000000018,19.96,0,-0.14451832825401997,-0.231229325206432
drift,DyF-ZTL,1,0.10699999999999998,17.86,0,-0.7569387504409061,-0.8019850522737336
drift,DyF-ZTL,1,0.049000000000000044,19.02,1,-0.3779644730092272,-0.3779644730092272
drift,DyF-ZTL,1,0.124,17.52,0,-0.4849798571136773,-0.4281655784365232
drift,DyF-ZTL,2,0.15549999999999997,16.89,3,0.2865674207445166,0.0810294086243116
drift,DyF-ZTL,2,0.08899999999999997,18.22,1,-0.4613303595203488,-0.4242858342150189
drift,DyF-ZTL,2,0.08299999999999996,18.34,2,-0.6187689902588309,-0.6852287465856854
drift,DyF-ZTL,3,0.10099999999999998,17.98,1,0.08281739139553289,-0.08284854332117683
heterogeneity,DyF-ZTL-CW,0,0.0,20.0,0,,
heterogeneity,DyF-ZTL-CW,1,0.0595,18.81,1,-0.13710212427677046,-0.02742042485535409
heterogeneity,DyF-ZTL-V-CW,0,0.014499999999999957,19.71,0,-0.19351409474577305,0.07982456408263139
heterogeneity,DyF-ZTL-V-CW,1,0.16149999999999998,16.77,3,0.3301212884763598,0.23931671812425054
heterogeneity,DyF-ZTL-V-CW,2,0.15949999999999998,16.81,3,0.32609396153686376,0.25692251515025627
heterogeneity,DyF-ZTL-V-CW,3,0.12849999999999995,17.43,2,0.31225967225954226,0.013834289277321492
heterogeneity,DyF-ZTL-V-CW,4,0.015000000000000013,19.7,0,0.3779644730092272,0.3779644730092272
heterogeneity,DyF-ZTL-V,0,0.15600000000000003,16.88,2,-0.022181372862766783,
heterogeneity,DyF-ZTL-V,0,0.0020000000000000018,19.96,0,0.3583446873162331,-0.14451832825401997
heterogeneity,DyF-ZTL-V,0,0.118,17.64,1,-0.6746694713077276,-0.7046368517464037
heterogeneity,DyF-ZTL-V,0,0.0685,18.63,0,-0.45262473671436554,-0.27825291191456897
heterogeneity,DyF-ZTL-V,0,0.07999999999999996,18.4,1,-0.37307753141941197,-0.48977476873543657
heterogeneity,DyF-ZTL-V,1,0.09199999999999997,18.16,1,-0.613045003098611,-0.4915115200281845
heterogeneity,DyF-ZTL-V,1,0.14700000000000002,17.06,2,-0.07394103352347044,-0.17681551494742928
heterogeneity,DyF-ZTL-V,1,0.0595,18.81,1,0.2702245364346406,0.31666168058763755
heterogeneity,DyF-ZTL-V,1,0.0625,18.75,1,-0.40289644048892215,
heterogeneity,DyF-ZTL-V,1,0.12649999999999995,17.47,2,-0.3861315842075674,-0.47948207709291335
heterogeneity,DyF-ZTL-V,2,0.139,17.22,3,-0.747161864954782,-0.5085794967135391
heterogeneity,DyF-ZTL-V,2,0.18799999999999994,16.24,4,0.49228864123659316,0.3511306079071041
heterogeneity,DyF-ZTL-V,2,0.132,17.36,2,-0.5234191088763779,-0.4792753286096954
heterogeneity,DyF-ZTL-V,2,0.05300000000000005,18.94,1,0.1675492989199474,0.02912873903375167
heterogeneity,DyF-ZTL-V,2,0.16400000000000003,16.72,2,0.42021662006660226,
heterogeneity,DyF-ZTL-V,3,0.050000000000000044,19.0,0,-0.6550864807610638,-0.4593497973529387
heterogeneity,DyF-ZTL-V,3,0.23850000000000005,15.23,4,0.3687149136251948,0.10534711817862709
heterogeneity,DyF-ZTL-V,3,0.14200000000000002,17.16,1,-0.3721746951025163,-0.48827343848626586
heterogeneity,DyF-ZTL-V,3,0.15100000000000002,16.98,2,-0.21956336770534343,
heterogeneity,DyF-ZTL-V,3,0.08050000000000002,18.39,1,0.02835584143714648,-0.010858789658600848
heterogeneity,DyF-ZTL-V,4,0.030000000000000027,19.4,1,0.04700458255169757,-0.02421282664359137
heterogeneity,DyF-ZTL-V,4,0.11499999999999999,17.7,0,0.26959843062058675,
heterogeneity,DyF-ZTL-V,4,0.25,15.0,6,-0.512595023716966,-0.5425621174111885
heterogeneity,DyF-ZTL-V,4,0.15700000000000003,16.86,2,-0.3952424933225694,-0.5946282154004727
heterogeneity,DyF-ZTL-V,4,0.0665,18.67,1,-0.5098923762212778,-0.5533715710928597
heterogeneity,DyF-ZTL,0,0.06299999999999994,18.74,0,-0.4755405088004639,-0.5818984671552327
heterogeneity,DyF-ZTL,0,0.36850000000000005,12.63,8,-0.34765157357749127,-0.36835608242630985
heterogeneity,DyF-ZTL,0,0.039000000000000035,19.22,0,-0.31794032215884394,-0.40465131911125596
heterogeneity,DyF-ZTL,0,0.058499999999999996,18.83,1,-0.06364980503731757,
heterogeneity,DyF-ZTL,0,0.02949999999999997,19.41,0,-0.12450860349589342,-0.36562050232921084
heterogeneity,DyF-ZTL,1,0.007000000000000006,19.86,0,-0.3785749894434509,
heterogeneity,DyF-ZTL,1,0.22050000000000003,15.59,4,-0.41391828856664653,-0.566495996085246
heterogeneity,DyF-ZTL,1,0.0645,18.71,1,-0.12450860349589342,-0.34388090489341994
heterogeneity,DyF-ZTL,1,0.025000000000000022,19.5,0,-0.2737772497241868,-0.3311821569244196
heterogeneity,DyF-ZTL,1,0.04600000000000004,19.08,1,-0.33718937842920604,-0.5110802358913882
main,DeepTrust-R,0,0.1845,16.31,2,-0.12065897456704915,-0.32201344167894
main,DeepTrust-R,1,0.133,17.34,1,-0.08116586916445621,-0.2064436237443778
main,DeepTrust-R,2,0.22050000000000003,15.59,4,0.4146517229053742,0.41818067373861145
main,DeepTrust-R,3,0.17049999999999998,16.59,4,0.49052416581997454,0.1446869841627263
main,DeepTrust-R,4,0.07299999999999995,18.54,0,-0.07307887329668,-0.3840528022187226
main,DeepTrust-R,5,0.04349999999999998,19.13,0,-0.12143432096074225,-0.26418917155581334
main,DeepTrust-R,6,0.16049999999999998,16.79,3,0.0494037205888296,-0.007410558088324441
main,DeepTrust-R,7,0.128,17.44,2,-0.2346752304102756,-0.36348193582343435
main,DeepTrust-R,8,0.2015,15.97,4,0.2045224435033489,0.16124176043832486
main,DeepTrust-R,9,0.1915,16.17,4,0.21526600082747085,0.09528167249740513
main,DeepTrust-V,0,0.09350000000000003,18.13,2,-0.3191281698474097,-0.5787298416921938
main,DeepTrust-V,1,0.20850000000000002,15.83,4,-0.39376935180727746,-0.25798681670131973
main,DeepTrust-V,2,0.14549999999999996,17.09,3,0.4075938212388997,0.41994514915523
main,DeepTrust-V,3,0.15149999999999997,16.97,3,0.5612204462898988,0.28018569935804327
main,DeepTrust-V,4,0.12050000000000005,17.59,1,0.09057348774618759,-0.3046562769644492
main,DeepTrust-V,5,0.08650000000000002,18.27,2,-0.3223336974652711,-0.4374528751314393
main,DeepTrust-V,6,0.137,17.26,2,-0.06025349995326876,-0.04497796475384851
main,DeepTrust-V,7,0.12,17.6,2,-0.47431848950816546,-0.45850787319122654
main,DeepTrust-V,8,0.21599999999999997,15.68,4,0.1250997028371197,-0.06748799758318298
main,DeepTrust-V,9,0.21599999999999997,15.68,5,0.21311094102687533,0.1553757060076422
main,DeepTrust,0,0.05149999999999999,18.97,0,-0.3804086485339879,-0.5599088333400689
main,DeepTrust,1,0.07450000000000001,18.51,1,-0.043540671317798936,0.14029771869068544
main,DeepTrust,2,0.22050000000000003,15.59,4,0.4146517229053742,0.41818067373861145
main,DeepTrust,3,0.17049999999999998,16.59,4,0.49052416581997454,0.1446869841627263
main,DeepTrust,4,0.09350000000000003,18.13,1,0.15665556533133054,-0.13416143287349847
main,DeepTrust,5,0.041000000000000036,19.18,0,-0.03782299606797726,-0.16819162081292016
main,DeepTrust,6,0.08850000000000002,18.23,1,-0.1340852534171333,-0.21300885194747124
main,DeepTrust,7,0.11299999999999999,17.74,2,-0.17991185901539403,-0.45402285176054624
main,DeepTrust,8,0.264,14.72,5,0.19772361457628834,0.05472707189165124
main,DeepTrust,9,0.1805,16.39,4,0.3106025490548784,0.2537436124792586
main,DyF-ZTL-R,0,0.044499999999999984,19.11,1,-0.4065456336338157,-0.3732045896056456
main,DyF-ZTL-R,1,0.11050000000000004,17.79,1,-0.21563238252187733,-0.3259176468651276
main,DyF-ZTL-R,2,0.09250000000000003,18.15,2,0.2253012825163786,0.18775106876364883
main,DyF-ZTL-R,3,0.09250000000000003,18.15,2,0.47312436345040426,0.21537750873488554
main,DyF-ZTL-R,4,0.05500000000000005,18.9,0,-0.2611423616595548,-0.465821509987314
main,DyF-ZTL-R,5,0.06999999999999995,18.6,0,-0.4552346574876023,-0.5505163299850073
main,DyF-ZTL-R,6,0.08599999999999997,18.28,2,-0.23705476606357198,-0.12578416158475247
main,DyF-ZTL-R,7,0.09050000000000002,18.19,1,-0.6144072508178295,-0.6192451031864737
main,DyF-ZTL-R,8,0.15100000000000002,16.98,3,0.09704614791402373,0.017644754166186133
main,DyF-ZTL-R,9,0.122,17.56,2,0.012735713607183785,-0.1154704700384663
main,DyF-ZTL-v1,0,0.1376288659793814,17.24742268041237,2,-0.7433105201970589,-0.6619492198991873
main,DyF-ZTL-v1-W,0,0.31030927835051547,13.793814432989691,6,-0.7804797819647508,-0.5749665127438817
main,DyF-ZTL-v1-W,1,0.2412371134020619,15.175257731958762,4,-0.6211441058543185,-0.7768154574455992
main,DyF-ZTL-v1,1,0.21855670103092784,15.628865979381443,3,-0.5995658987030518,-0.7197873385458232
main,DyF-ZTL-v1-W,2,0.15103092783505156,16.97938144329897,3,-0.5492752467600344,-0.5135638530078339
main,DyF-ZTL-v1,2,0.18556701030927836,16.288659793814432,3,-0.6519070659163984,-0.7272033227699641
main,DyF-ZTL-v1-W,3,0.14896907216494848,17.02061855670103,3,-0.48800845331610865,-0.18196925377888795
main,DyF-ZTL-v1,3,0.18608247422680413,16.278350515463917,4,-0.39917160898104137,-0.45850792923497996
main,DyF-ZTL-v1,4,0.4226804123711341,11.54639175257732,7,-0.32942571735999204,-0.5447316712003564
main,DyF-ZTL-v1-W,4,0.37577319587628866,12.484536082474227,8,-0.3255066632925875,-0.5713438635415345
main,DyF-ZTL-v1,5,0.26185567010309274,14.762886597938145,5,-0.45768387826415596,-0.42577054661648517
main,DyF-ZTL-v1-W,5,0.3257731958762886,13.484536082474227,6,-0.6016986985044056,-0.5047498033489644
main,DyF-ZTL-v1-W,6,0.2824742268041237,14.350515463917526,5,-0.4254083056130648,-0.4543956118887248
main,DyF-ZTL-v1,6,0.2865979381443299,14.268041237113403,5,-0.4490013500758738,-0.5281903007065393
main,DyF-ZTL-v1,7,0.12061855670103094,17.587628865979383,2,-0.6926333017465007,-0.6786515736056552
main,DyF-ZTL-v1-W,7,0.09999999999999998,18.0,2,-0.6926333017465007,-0.6786515736056552
main,DyF-ZTL-v1-W,8,0.2010309278350515,15.97938144329897,4,-0.2592394292342341,-0.14733172531013927
main,DyF-ZTL-v1,8,0.16752577319587625,16.649484536082475,3,-0.33258321760042375,-0.3670798811281273
main,DyF-ZTL-v1,9,0.20876288659793818,15.824742268041238,4,-0.6154669034426908,-0.5888617058875312
main,DyF-ZTL-v1-W,9,0.24742268041237114,15.051546391752577,5,-0.4885225304687421,-0.3895408412888009
main,DyF-ZTL-V,0,0.05900000000000005,18.82,0,-0.6080985843530299,-0.5283783431116267
main,DyF-ZTL-V,1,0.10250000000000004,17.95,1,-0.32747973664197755,-0.3927991450287871
main,DyF-ZTL-V,2,0.14200000000000002,17.16,2,0.45347018207098366,0.2911384437420712
main,DyF-ZTL-V,3,0.11550000000000005,17.69,3,0.2671227954379862,0.09367848034457156
main,DyF-ZTL-V,4,0.10099999999999998,17.98,1,0.023761943643542605,-0.2724137110563278
main,DyF-ZTL-V,5,0.0695,18.61,1,-0.3506187210704335,-0.4345090899155067
main,DyF-ZTL-V,6,0.13649999999999995,17.27,3,-0.08819243904225631,-0.14734590425352578
main,DyF-ZTL-V,7,0.122,17.56,2,-0.5513952440532424,-0.4683895083893134
main,DyF-ZTL-V,8,0.15549999999999997,16.89,3,0.08293034458107483,-0.17821201707847997
main,DyF-ZTL-V,9,0.12649999999999995,17.47,3,0.10763300041373543,0.08116586916445621
main,DyF-ZTL-W,0,0.09650000000000003,18.07,2,-0.3546595587403413,-0.5346360512354398
main,DyF-ZTL,0,0.007000000000000006,19.86,0,-0.46004370622823615,-0.3123454637023287
main,DyF-ZTL,1,0.10599999999999998,17.88,1,-0.020301978282386748,-0.21626020344281535
main,DyF-ZTL-W,1,0.15700000000000003,16.86,3,-0.8222455441442738,-0.8028363145614692
main,DyF-ZTL,2,0.09250000000000003,18.15,2,0.2253012825163786,0.18775106876364883
main,DyF-ZTL-W,2,0.37549999999999994,12.49,8,-0.2552517378234487,-0.5397190360001836
main,DyF-ZTL,3,0.09250000000000003,18.15,2,0.47312436345040426,0.21537750873488554
main,DyF-ZTL-W,3,0.34450000000000003,13.11,6,-0.29960846016097514,-0.6314824468008247
main,DyF-ZTL,4,0.009499999999999953,19.81,0,-0.30720362540891477,-0.46927167975849965
main,DyF-ZTL-W,4,0.03400000000000003,19.32,0,-0.3035633837028841,-0.6427237765696244
main,DyF-ZTL-W,5,0.2995,14.01,6,-0.7617950660162909,-0.8414444466246195
main,DyF-ZTL,5,0.045499999999999985,19.09,1,-0.5398106491142638,-0.6344166391652173
main,DyF-ZTL-W,6,0.19399999999999995,16.12,2,-0.7171773438811764,-0.7138837625085878
main,DyF-ZTL,6,0.021499999999999964,19.57,0,-0.026608188027543795,-0.0459595975021211
main,DyF-ZTL-W,7,0.26649999999999996,14.67,5,-0.6545992978019922,-0.7929297154507152
main,DyF-ZTL,7,0.08999999999999997,18.2,2,-0.4549439233521271,-0.6969353719436839
main,DyF-ZTL-W,8,0.364,12.72,8,-0.17252120316168942,-0.5097923841174246
main,DyF-ZTL,8,0.16200000000000003,16.76,3,0.18713127808113003,-0.017653894158597173
main,DyF-ZTL,9,0.11499999999999999,17.7,1,0.015282856328620541,0.0050942854428735135
main,DyF-ZTL-W,9,0.248,15.04,5,-0.5028754937363049,-0.6158019203998961
pilot_agg,DyF-ZTL-RNV,100,0.16249999999999998,16.75,3,0.21046292941423456,0.05770757742003204
pilot_agg,DyF-ZTL-RNV,101,0.16700000000000004,16.66,2,-0.2538267365334242,-0.29008769889534197
pilot_agg,DyF-ZTL-RN,100,0.12050000000000005,17.59,3,0.11998432833006571,-0.09351719708078651
pilot_agg,DyF-ZTL-RN,101,0.19099999999999995,16.18,4,-0.2606576051603614,-0.2564123672913002
pilot_agg,DyF-ZTL-RV,100,0.121,17.58,2,0.1299042787932746,-0.015282856328620541
pilot_agg,DyF-ZTL-RV,101,0.12549999999999994,17.49,2,-0.48580325245682443,-0.4396931132405834
pilot_anchor,DyF-ZTL-R,100,0.07599999999999996,18.48,1,0.21217861793691517,-0.006429655088997429
pilot_anchor,DyF-ZTL-R,101,0.127,17.46,2,-0.14229554685244963,-0.17786943356556204
pilot_anchor,DyF-ZTL,100,0.12450000000000006,17.51,2,0.25835828819206735,-0.1113320255038185
pilot_anchor,DyF-ZTL,101,0.17000000000000004,16.6,3,-0.3122998307437028,-0.3114511898992906
pilot_uniform,DyF-ZTL-U,100,0.378,12.44,8,-0.34669564446336926,-0.6620197572931622
pilot_uniform,DyF-ZTL-U,101,0.6225,7.55,13,-0.5888780614317157,-0.7738024462313794
server_only_sizes,DyF-ZTL-V,0,0.08850000000000002,18.23,1,-0.4990008165143948,-0.6322374290871159
server_only_sizes,DyF-ZTL-V,0,0.08399999999999996,18.32,1,-0.6090255639023484,-0.621076298043491
server_only_sizes,DyF-ZTL-V,0,0.18400000000000005,16.32,3,-0.5055647406923562,-0.6875351115278786
server_only_sizes,DyF-ZTL-V,1,0.123,17.54,2,-0.5849240956200639,-0.4514390405181792
server_only_sizes,DyF-ZTL-V,1,0.1895,16.21,4,-0.6887458051437518,-0.6257111957900842
server_only_sizes,DyF-ZTL-V,1,0.1845,16.31,3,-0.373580932477391,-0.6223518716043809
server_only_sizes,DyF-ZTL-V,2,0.14100000000000001,17.18,3,0.34760165707386687,0.14821593499596353
server_only_sizes,DyF-ZTL-V,2,0.08950000000000002,18.21,2,0.1304375846147455,0.25692251515025627
server_only_sizes,DyF-ZTL-V,2,0.08399999999999996,18.32,2,0.3868207592877221,0.3453125956198615
server_only_sizes,DyF-ZTL-V,3,0.123,17.54,2,0.32016498041801167,-0.0039526540792347116
server_only_sizes,DyF-ZTL-V,3,0.14100000000000001,17.18,3,-0.3362228392296519,-0.562069493863711
server_only_sizes,DyF-ZTL-V,3,0.119,17.62,2,0.04347919487158183,-0.1699641254070926
server_only_sizes,DyF-ZTL-V,4,0.15700000000000003,16.86,3,-0.28616454081455023,-0.3168250273303949
server_only_sizes,DyF-ZTL-V,4,0.13549999999999995,17.29,1,-0.33792093437727644,-0.5009380685492288
server_only_sizes,DyF-ZTL-V,4,0.09050000000000002,18.19,1,-0.05773523501923315,-0.24028046338886738
