attack,schedule,participation,ratio,method,Accuracy (mean),Accuracy (std),Accuracy (count),F1-Score (mean),F1-Score (std),F1-Score (count),asr_cond (mean),asr_cond (std),asr_cond (count),asr (mean),asr (std),asr (count),attack_to_normal (mean),attack_to_normal (std),attack_to_normal (count)
adaptive_backdoor,static,1.0,0.2,DyF-ZTL,94.4,,1,77.67,,1,2.853,,1,14.347,,1,12.21,,1
adaptive_backdoor,static,1.0,0.2,DyF-ZTL-F,95.55,,1,78.32,,1,7.181,,1,14.286,,1,8.059,,1
adaptive_backdoor,static,1.0,0.2,DyF-ZTL-G,94.4,,1,77.67,,1,2.853,,1,14.347,,1,12.21,,1
adaptive_backdoor,static,1.0,0.2,DyF-ZTL-R,96.323,0.602,3,86.31,4.278,3,5.725,4.568,3,10.053,6.113,3,5.026,2.805,3
adaptive_backdoor,static,1.0,0.2,DyF-ZTL-R-F,95.957,0.746,3,82.36,5.419,3,6.915,5.661,3,12.088,6.347,3,6.247,3.156,3
adaptive_backdoor,static,1.0,0.2,DyF-ZTL-R-G,95.803,1.309,3,84.78,6.29,3,8.447,10.72,3,14.286,10.775,3,6.756,5.159,3
adaptive_backdoor,static,1.0,0.2,DyF-ZTL-V,97.2,0.166,5,91.042,1.257,5,3.929,2.528,5,5.421,2.309,5,1.978,1.018,5
adaptive_backdoor,static,1.0,0.2,DyF-ZTL-V-F,97.126,0.233,5,90.556,1.982,5,4.682,2.707,5,6.313,3.389,5,2.149,1.485,5
adaptive_backdoor,static,1.0,0.2,DyF-ZTL-V-G,96.912,0.425,5,88.962,2.499,5,6.818,6.253,5,9.463,6.528,5,3.248,1.874,5
adaptive_backdoor,static,1.0,0.2,DyF-ZTL-v1,96.848,0.36,5,90.502,1.171,5,3.403,4.066,5,4.921,5.077,5,1.709,1.299,5
adaptive_backdoor,static,1.0,0.2,FLTrust,96.03,0.49,5,88.874,1.855,5,4.704,3.722,5,6.3,5.204,5,2.125,2.07,5
adaptive_backdoor,static,1.0,0.2,FedAvg,85.672,3.726,5,54.142,6.248,5,3.083,2.267,5,40.659,13.052,5,40.012,12.277,5
adaptive_backdoor,static,1.0,0.2,FuzzyFLTrust,96.726,0.311,5,90.394,0.824,5,2.992,1.712,5,4.103,1.734,5,1.416,0.947,5
adaptive_backdoor,static,1.0,0.2,FuzzyNoTrust,94.75,2.285,5,82.95,5.774,5,8.358,8.605,5,16.642,13.763,5,9.768,8.277,5
adaptive_backdoor,static,1.0,0.2,Krum,88.858,7.289,5,76.106,11.018,5,19.955,44.042,5,21.978,43.08,5,3.065,4.739,5
adaptive_backdoor,static,1.0,0.2,Median,93.18,4.065,5,79.692,10.514,5,6.481,5.404,5,17.729,14.59,5,12.43,13.787,5
adaptive_backdoor,static,1.0,0.2,MultiKrum,95.528,1.155,5,85.728,6.413,5,5.466,3.185,5,9.158,3.167,5,5.104,6.143,5
adaptive_backdoor,static,1.0,0.2,TrimmedMean,95.798,1.275,5,86.172,6.728,5,9.873,6.796,5,13.541,4.586,5,4.542,5.536,5
adaptive_backdoor,static,1.0,0.4,DyF-ZTL,96.08,,1,79.13,,1,24.755,,1,29.548,,1,6.532,,1
adaptive_backdoor,static,1.0,0.4,DyF-ZTL-F,96.12,,1,79.29,,1,31.226,,1,35.531,,1,6.349,,1
adaptive_backdoor,static,1.0,0.4,DyF-ZTL-G,96.08,,1,79.13,,1,24.755,,1,29.548,,1,6.532,,1
adaptive_backdoor,static,1.0,0.4,DyF-ZTL-R,96.68,0.282,3,86.497,5.154,3,6.284,3.452,3,9.259,3.477,3,3.256,1.754,3
adaptive_backdoor,static,1.0,0.4,DyF-ZTL-R-F,96.21,0.201,3,82.67,3.992,3,6.33,4.941,3,10.806,5.207,3,4.864,0.728,3
adaptive_backdoor,static,1.0,0.4,DyF-ZTL-R-G,96.63,0.484,3,86.34,6.244,3,22.394,17.594,3,24.969,17.578,3,3.602,2.544,3
adaptive_backdoor,static,1.0,0.4,DyF-ZTL-V,97.058,0.391,5,89.486,4.75,5,9.021,2.724,5,10.781,3.603,5,2.076,1.726,5
adaptive_backdoor,static,1.0,0.4,DyF-ZTL-V-F,96.92,0.428,5,87.972,4.788,5,7.507,4.775,5,10.0,5.272,5,2.808,1.593,5
adaptive_backdoor,static,1.0,0.4,DyF-ZTL-V-G,96.94,0.26,5,89.734,2.24,5,14.908,8.152,5,16.862,9.145,5,2.613,1.793,5
adaptive_backdoor,static,1.0,0.4,DyF-ZTL-v1,96.634,0.316,5,90.234,0.664,5,6.242,6.089,5,7.143,6.143,5,1.013,1.086,5
adaptive_backdoor,static,1.0,0.4,FLTrust,95.8,1.09,5,87.894,4.933,5,12.523,6.251,5,15.079,6.143,5,3.077,4.444,5
adaptive_backdoor,static,1.0,0.4,FedAvg,86.522,3.889,5,55.844,6.699,5,7.43,5.807,5,41.917,11.052,5,37.326,13.008,5
adaptive_backdoor,static,1.0,0.4,FuzzyFLTrust,96.566,0.422,5,90.142,0.953,5,21.729,28.998,5,22.759,28.468,5,1.319,0.824,5
adaptive_backdoor,static,1.0,0.4,FuzzyNoTrust,95.686,1.53,5,84.534,5.731,5,23.578,13.416,5,28.303,15.837,5,7.021,5.749,5
adaptive_backdoor,static,1.0,0.4,Krum,89.37,7.682,5,77.5,4.947,5,33.59,42.745,5,36.227,42.229,5,5.495,5.788,5
adaptive_backdoor,static,1.0,0.4,Median,93.972,3.145,5,82.304,6.282,5,32.844,28.894,5,37.265,28.658,5,9.499,10.762,5
adaptive_backdoor,static,1.0,0.4,MultiKrum,96.036,0.164,5,88.596,0.803,5,49.425,30.433,5,49.707,30.271,5,1.77,2.204,5
adaptive_backdoor,static,1.0,0.4,TrimmedMean,95.674,0.984,5,86.6,5.336,5,31.615,15.724,5,33.639,16.927,5,4.286,5.219,5
adaptive_flip,static,1.0,0.2,DyF-ZTL,97.01,,1,91.15,,1,2.404,,1,5.128,,1,3.48,,1
adaptive_flip,static,1.0,0.2,DyF-ZTL-F,95.64,,1,80.35,,1,0.795,,1,7.998,,1,7.875,,1
adaptive_flip,static,1.0,0.2,DyF-ZTL-G,97.01,,1,91.15,,1,2.404,,1,5.128,,1,3.48,,1
adaptive_flip,static,1.0,0.2,DyF-ZTL-R,96.407,0.588,3,88.32,3.077,3,1.347,1.072,3,5.352,3.871,3,4.721,3.236,3
adaptive_flip,static,1.0,0.2,DyF-ZTL-R-F,96.223,0.448,3,86.383,0.943,3,2.188,1.343,3,6.98,3.041,3,5.413,2.435,3
adaptive_flip,static,1.0,0.2,DyF-ZTL-R-G,96.75,0.367,3,89.587,2.486,3,1.505,1.214,3,4.131,2.677,3,3.236,1.662,3
adaptive_flip,static,1.0,0.2,DyF-ZTL-V,97.204,0.308,5,90.358,3.109,5,1.207,1.26,5,2.784,1.61,5,1.941,1.482,5
adaptive_flip,static,1.0,0.2,DyF-ZTL-V-F,97.136,0.389,5,89.808,3.355,5,1.114,1.363,5,3.138,1.775,5,2.491,1.768,5
adaptive_flip,static,1.0,0.2,DyF-ZTL-V-G,96.426,1.037,5,87.194,5.001,5,4.025,7.33,5,8.083,10.205,5,4.75,4.272,5
adaptive_flip,static,1.0,0.2,DyF-ZTL-v1,96.774,0.506,5,88.838,4.729,5,0.277,0.266,5,2.051,2.103,5,2.186,2.41,5
adaptive_flip,static,1.0,0.2,FLTrust,96.146,0.395,5,89.098,1.622,5,1.817,2.213,5,3.407,3.57,5,2.234,1.929,5
adaptive_flip,static,1.0,0.2,FedAvg,86.882,3.671,5,57.908,7.428,5,1.601,0.925,5,34.884,12.475,5,35.995,12.334,5
adaptive_flip,static,1.0,0.2,FuzzyFLTrust,96.952,0.212,5,91.008,0.332,5,0.592,0.706,5,1.636,0.515,5,1.343,0.637,5
adaptive_flip,static,1.0,0.2,FuzzyNoTrust,96.102,0.817,5,85.276,3.904,5,2.473,3.372,5,7.582,5.956,5,5.678,3.442,5
adaptive_flip,static,1.0,0.2,Krum,89.274,7.31,5,71.348,11.208,5,3.319,4.241,5,8.266,5.839,5,5.885,5.237,5
adaptive_flip,static,1.0,0.2,Median,95.296,1.282,5,84.226,7.77,5,2.736,3.447,5,7.729,5.715,5,5.653,6.997,5
adaptive_flip,static,1.0,0.2,MultiKrum,95.56,1.101,5,85.074,5.919,5,1.168,0.791,5,3.284,2.498,5,5.568,4.91,5
adaptive_flip,static,1.0,0.2,TrimmedMean,95.412,0.918,5,83.896,6.25,5,1.797,2.117,5,5.763,3.847,5,5.299,5.001,5
adaptive_flip,static,1.0,0.4,DyF-ZTL,94.51,,1,77.88,,1,1.729,,1,12.454,,1,11.722,,1
adaptive_flip,static,1.0,0.4,DyF-ZTL-F,94.51,,1,77.88,,1,1.729,,1,12.454,,1,11.722,,1
adaptive_flip,static,1.0,0.4,DyF-ZTL-G,94.51,,1,77.88,,1,1.729,,1,12.454,,1,11.722,,1
adaptive_flip,static,1.0,0.4,DyF-ZTL-R,96.607,0.48,3,90.07,1.484,3,3.249,2.996,3,6.309,4.638,3,3.765,2.103,3
adaptive_flip,static,1.0,0.4,DyF-ZTL-R-F,96.283,0.881,3,89.057,2.694,3,2.527,2.48,3,6.532,4.865,3,4.721,3.938,3
adaptive_flip,static,1.0,0.4,DyF-ZTL-R-G,95.747,1.31,3,84.943,6.625,3,1.493,1.024,3,7.753,5.706,3,6.878,5.224,3
adaptive_flip,static,1.0,0.4,DyF-ZTL-V,97.14,0.478,5,90.516,2.929,5,1.314,0.787,5,3.724,2.4,5,2.845,1.819,5
adaptive_flip,static,1.0,0.4,DyF-ZTL-V-F,97.13,0.479,5,90.666,2.831,5,1.379,1.01,5,3.7,2.669,5,2.637,1.872,5
adaptive_flip,static,1.0,0.4,DyF-ZTL-V-G,96.496,1.142,5,89.332,3.494,5,0.476,0.145,5,4.347,3.5,5,5.043,4.237,5
adaptive_flip,static,1.0,0.4,DyF-ZTL-v1,96.608,0.655,5,88.52,4.99,5,2.111,3.388,5,4.628,5.067,5,2.784,2.954,5
adaptive_flip,static,1.0,0.4,FLTrust,96.106,0.189,5,89.392,0.86,5,1.176,1.103,5,1.697,1.475,5,0.745,0.652,5
adaptive_flip,static,1.0,0.4,FedAvg,88.378,4.556,5,60.736,9.752,5,0.518,0.376,5,24.884,14.754,5,30.611,14.214,5
adaptive_flip,static,1.0,0.4,FuzzyFLTrust,96.846,0.35,5,90.722,0.868,5,0.41,0.347,5,1.551,0.654,5,1.905,0.608,5
adaptive_flip,static,1.0,0.4,FuzzyNoTrust,96.002,1.219,5,87.556,4.203,5,1.918,2.206,5,7.253,5.344,5,6.105,4.941,5
adaptive_flip,static,1.0,0.4,Krum,89.202,7.312,5,76.674,8.597,5,2.369,3.454,5,3.578,4.846,5,3.59,4.545,5
adaptive_flip,static,1.0,0.4,Median,95.354,1.275,5,85.602,5.819,5,2.114,3.828,5,6.154,4.609,5,5.336,6.048,5
adaptive_flip,static,1.0,0.4,MultiKrum,95.962,0.57,5,88.38,2.484,5,2.206,2.819,5,3.15,3.302,5,2.357,3.329,5
adaptive_flip,static,1.0,0.4,TrimmedMean,95.604,1.139,5,86.282,6.152,5,1.919,2.208,5,3.358,2.329,5,3.956,5.152,5
backdoor,static,1.0,0.2,DyF-ZTL,96.685,0.587,2,85.9,7.608,2,10.857,3.049,2,14.255,5.741,2,3.968,3.108,2
backdoor,static,1.0,0.2,DyF-ZTL-F,95.41,0.707,2,82.31,5.275,2,17.894,4.853,2,24.695,6.95,2,8.455,3.065,2
backdoor,static,1.0,0.2,DyF-ZTL-G,96.26,0.014,2,84.075,5.028,2,21.242,11.639,2,25.672,10.404,2,5.647,0.734,2
backdoor,static,1.0,0.2,DyF-ZTL-R,96.477,0.456,3,85.957,6.138,3,23.041,16.538,3,25.865,17.817,3,4.029,2.279,3
backdoor,static,1.0,0.2,DyF-ZTL-R-F,96.463,0.357,3,85.593,5.827,3,21.704,17.804,3,24.766,18.56,3,4.212,1.93,3
backdoor,static,1.0,0.2,DyF-ZTL-R-G,96.49,0.398,3,86.097,4.99,3,15.608,12.766,3,19.027,13.659,3,4.274,2.435,3
backdoor,static,1.0,0.2,DyF-ZTL-V,97.236,0.162,5,91.362,1.017,5,7.129,4.386,5,8.364,4.182,5,1.441,0.88,5
backdoor,static,1.0,0.2,DyF-ZTL-V-F,97.086,0.303,5,90.152,2.268,5,6.489,4.785,5,8.291,5.417,5,2.015,1.115,5
backdoor,static,1.0,0.2,DyF-ZTL-V-G,96.906,0.345,5,89.122,3.928,5,16.748,12.696,5,18.767,13.343,5,2.711,1.98,5
backdoor,static,1.0,0.2,DyF-ZTL-v1,96.416,0.375,5,89.522,1.312,5,14.283,8.878,5,16.264,8.834,5,2.357,2.282,5
backdoor,static,1.0,0.2,FLTrust,96.142,0.235,5,89.35,1.016,5,8.577,6.415,5,9.438,6.633,5,1.368,0.761,5
backdoor,static,1.0,0.2,FedAvg,86.17,4.433,5,54.77,7.017,5,11.066,14.433,5,45.604,13.037,5,38.266,14.543,5
backdoor,static,1.0,0.2,FuzzyFLTrust,96.65,0.318,5,90.536,0.495,5,22.552,41.05,5,23.675,40.475,5,1.453,0.714,5
backdoor,static,1.0,0.2,FuzzyNoTrust,95.908,1.245,5,86.354,5.569,5,20.836,10.705,5,25.299,13.239,5,6.117,5.032,5
backdoor,static,1.0,0.2,Krum,88.522,6.15,5,72.73,6.538,5,32.737,45.587,5,35.665,43.104,5,5.641,5.478,5
backdoor,static,1.0,0.2,Median,95.538,1.181,5,83.106,9.497,5,76.87,19.464,5,77.949,18.405,5,4.737,6.44,5
backdoor,static,1.0,0.2,MultiKrum,95.542,1.141,5,85.216,6.755,5,63.243,24.982,5,65.043,23.447,5,4.811,5.929,5
backdoor,static,1.0,0.2,TrimmedMean,95.066,1.777,5,83.918,9.253,5,56.981,28.28,5,61.282,21.928,5,6.19,8.356,5
backdoor,static,1.0,0.4,DyF-ZTL,95.36,0.863,2,80.395,2.369,2,73.102,38.039,2,74.786,35.658,2,8.15,2.029,2
backdoor,static,1.0,0.4,DyF-ZTL-F,94.565,1.308,2,76.43,2.404,2,81.171,26.628,2,82.723,24.434,2,10.745,3.54,2
backdoor,static,1.0,0.4,DyF-ZTL-G,95.525,0.629,2,80.735,2.85,2,73.102,38.039,2,74.786,35.658,2,7.906,1.684,2
backdoor,static,1.0,0.4,DyF-ZTL-R,95.96,0.404,3,82.827,4.426,3,68.27,29.051,3,69.841,27.5,3,5.149,1.086,3
backdoor,static,1.0,0.4,DyF-ZTL-R-F,96.143,0.551,3,83.487,4.944,3,66.67,27.29,3,68.457,25.914,3,5.128,2.29,3
backdoor,static,1.0,0.4,DyF-ZTL-R-G,95.52,0.445,3,79.913,2.467,3,69.345,27.674,3,70.981,26.061,3,6.593,2.566,3
backdoor,static,1.0,0.4,DyF-ZTL-V,97.024,0.448,5,89.27,4.642,5,88.149,13.811,5,88.388,13.552,5,2.173,2.083,5
backdoor,static,1.0,0.4,DyF-ZTL-V-F,96.832,0.363,5,87.764,4.384,5,74.119,22.812,5,74.676,22.227,5,2.625,1.776,5
backdoor,static,1.0,0.4,DyF-ZTL-V-G,96.826,0.619,5,88.572,5.004,5,80.028,21.464,5,80.806,20.034,5,2.894,2.681,5
backdoor,static,1.0,0.4,DyF-ZTL-v1,96.194,0.261,5,87.962,2.611,5,92.689,10.426,5,92.906,10.048,5,2.32,2.485,5
backdoor,static,1.0,0.4,FLTrust,96.114,0.222,5,89.244,0.968,5,43.044,48.042,5,43.346,47.803,5,1.172,0.99,5
backdoor,static,1.0,0.4,FedAvg,87.262,3.965,5,56.948,6.835,5,62.088,29.885,5,77.057,19.113,5,34.689,12.971,5
backdoor,static,1.0,0.4,FuzzyFLTrust,96.546,0.291,5,89.882,0.826,5,53.744,49.401,5,54.554,48.553,5,1.563,1.088,5
backdoor,static,1.0,0.4,FuzzyNoTrust,95.778,1.322,5,83.15,7.199,5,68.606,20.51,5,69.805,19.838,5,5.958,5.155,5
backdoor,static,1.0,0.4,Krum,88.998,4.418,5,73.08,6.102,5,59.129,40.037,5,63.81,38.158,5,11.954,15.077,5
backdoor,static,1.0,0.4,Median,95.076,1.16,5,83.388,7.287,5,99.309,0.48,5,99.353,0.456,5,5.385,6.776,5
backdoor,static,1.0,0.4,MultiKrum,95.888,0.721,5,88.084,2.683,5,98.843,1.219,5,98.779,1.219,5,2.381,3.092,5
backdoor,static,1.0,0.4,TrimmedMean,95.562,1.214,5,86.342,6.1,5,98.146,2.097,5,98.254,1.927,5,3.651,4.796,5
backdoor_boost,static,1.0,0.2,DyF-ZTL,90.29,,1,71.83,,1,17.21,,1,37.546,,1,25.153,,1
backdoor_boost,static,1.0,0.2,DyF-ZTL-F,85.93,,1,62.97,,1,0.602,,1,23.81,,1,39.194,,1
backdoor_boost,static,1.0,0.2,DyF-ZTL-G,90.29,,1,71.83,,1,17.21,,1,37.546,,1,25.153,,1
backdoor_boost,static,1.0,0.2,DyF-ZTL-R,93.243,5.649,3,81.093,13.127,3,3.852,4.341,3,16.667,21.679,3,14.51,18.993,3
backdoor_boost,static,1.0,0.2,DyF-ZTL-R-F,92.12,5.904,3,77.203,14.126,3,2.942,0.715,3,19.882,20.103,3,17.827,20.632,3
backdoor_boost,static,1.0,0.2,DyF-ZTL-R-G,94.357,3.563,3,82.99,9.951,3,6.928,9.017,3,15.975,19.164,3,10.989,12.557,3
backdoor_boost,static,1.0,0.2,DyF-ZTL-V,95.48,2.563,5,85.716,7.367,5,6.366,8.535,5,12.295,14.277,5,7.534,9.332,5
backdoor_boost,static,1.0,0.2,DyF-ZTL-V-F,94.59,3.431,5,82.846,7.79,5,7.023,8.59,5,15.287,16.54,5,10.44,12.065,5
backdoor_boost,static,1.0,0.2,DyF-ZTL-V-G,95.484,3.129,5,85.108,8.155,5,7.935,16.424,5,11.929,16.978,5,7.485,10.876,5
backdoor_boost,static,1.0,0.2,DyF-ZTL-v1,96.626,0.488,5,89.806,0.923,5,0.677,0.598,5,2.442,1.774,5,1.868,1.289,5
backdoor_boost,static,1.0,0.2,FLTrust,95.944,0.784,5,88.448,2.958,5,8.552,10.28,5,10.586,9.856,5,2.503,3.109,5
backdoor_boost,static,1.0,0.2,FedAvg,91.038,2.648,5,64.232,4.144,5,97.162,4.546,5,97.314,4.267,5,22.527,7.955,5
backdoor_boost,static,1.0,0.2,FuzzyFLTrust,96.662,0.311,5,90.598,0.502,5,22.797,41.532,5,23.907,40.959,5,1.441,0.69,5
backdoor_boost,static,1.0,0.2,FuzzyNoTrust,95.724,1.611,5,84.336,9.772,5,100.0,0.0,5,100.0,0.0,5,5.763,6.288,5
backdoor_boost,static,1.0,0.2,Krum,92.864,2.169,5,78.968,7.521,5,1.443,1.241,5,4.481,3.117,5,4.371,4.89,5
backdoor_boost,static,1.0,0.2,Median,95.794,1.062,5,86.73,4.58,5,81.345,14.689,5,82.601,12.848,5,4.75,4.373,5
backdoor_boost,static,1.0,0.2,MultiKrum,93.644,2.598,5,77.366,11.093,5,0.798,0.57,5,10.855,9.038,5,13.272,10.277,5
backdoor_boost,static,1.0,0.2,TrimmedMean,95.958,0.599,5,86.522,6.245,5,69.602,14.694,5,70.842,13.405,5,3.541,3.952,5
backdoor_boost,static,1.0,0.4,DyF-ZTL,95.11,,1,78.14,,1,1.285,,1,9.89,,1,9.646,,1
backdoor_boost,static,1.0,0.4,DyF-ZTL-F,96.76,,1,89.25,,1,100.0,,1,100.0,,1,1.465,,1
backdoor_boost,static,1.0,0.4,DyF-ZTL-G,95.46,,1,87.43,,1,21.912,,1,27.778,,1,8.059,,1
backdoor_boost,static,1.0,0.4,DyF-ZTL-R,96.037,1.392,3,86.903,5.499,3,2.207,1.469,3,7.285,4.336,3,5.881,4.83,3
backdoor_boost,static,1.0,0.4,DyF-ZTL-R-F,95.98,1.309,3,86.847,5.321,3,2.468,2.966,3,7.774,5.465,3,5.922,4.989,3
backdoor_boost,static,1.0,0.4,DyF-ZTL-R-G,96.107,0.609,3,88.8,1.233,3,72.995,44.263,3,74.969,40.894,3,3.5,4.015,3
backdoor_boost,static,1.0,0.4,DyF-ZTL-V,96.332,1.268,5,88.496,2.756,5,1.978,2.783,5,6.117,5.177,5,4.737,5.083,5
backdoor_boost,static,1.0,0.4,DyF-ZTL-V-F,96.088,1.632,5,87.038,5.873,5,2.794,4.021,5,7.619,7.52,5,5.69,6.34,5
backdoor_boost,static,1.0,0.4,DyF-ZTL-V-G,94.85,3.79,5,85.06,11.725,5,46.249,37.712,5,50.696,35.02,5,9.096,13.617,5
backdoor_boost,static,1.0,0.4,DyF-ZTL-v1,96.476,0.528,5,87.734,5.333,5,58.545,45.279,5,59.499,44.294,5,2.247,1.746,5
backdoor_boost,static,1.0,0.4,FLTrust,95.79,0.638,5,88.026,2.487,5,53.933,38.611,5,54.42,38.535,5,2.466,2.98,5
backdoor_boost,static,1.0,0.4,FedAvg,89.062,5.38,5,60.704,8.711,5,98.131,4.056,5,98.938,2.274,5,29.341,17.092,5
backdoor_boost,static,1.0,0.4,FuzzyFLTrust,96.534,0.304,5,89.83,0.919,5,53.669,49.44,5,54.505,48.558,5,1.575,1.11,5
backdoor_boost,static,1.0,0.4,FuzzyNoTrust,96.29,0.402,5,84.624,5.523,5,100.0,0.0,5,100.0,0.0,5,4.127,1.706,5
backdoor_boost,static,1.0,0.4,Krum,89.57,4.807,5,71.878,6.867,5,3.002,3.672,5,15.128,18.603,5,14.444,16.148,5
backdoor_boost,static,1.0,0.4,Median,95.522,1.154,5,84.388,6.104,5,99.506,0.567,5,99.512,0.548,5,4.896,5.114,5
backdoor_boost,static,1.0,0.4,MultiKrum,93.99,2.225,5,78.552,10.435,5,28.57,26.332,5,36.862,21.899,5,11.294,9.484,5
backdoor_boost,static,1.0,0.4,TrimmedMean,95.492,1.106,5,85.914,5.3,5,99.674,0.311,5,99.683,0.294,5,4.921,5.819,5
cyclic_flip,rotating,1.0,0.2,DyF-ZTL,97.06,,1,89.94,,1,6.019,,1,8.12,,1,2.625,,1
cyclic_flip,rotating,1.0,0.2,DyF-ZTL-R,95.777,1.71,3,85.417,7.28,3,5.078,3.951,3,9.259,8.068,3,6.166,6.519,3
cyclic_flip,rotating,1.0,0.2,DyF-ZTL-V,97.216,0.273,5,91.136,1.882,5,0.538,0.457,5,1.941,1.533,5,1.77,1.142,5
cyclic_flip,rotating,1.0,0.2,DyF-ZTL-v1,96.762,0.209,5,90.226,1.257,5,0.312,0.395,5,1.514,1.184,5,1.636,1.109,5
cyclic_flip,rotating,1.0,0.2,FLTrust,96.02,0.296,5,88.794,1.332,5,1.656,3.287,5,2.833,4.275,5,1.697,1.458,5
cyclic_flip,rotating,1.0,0.2,FedAvg,82.68,0.368,5,49.316,1.004,5,1.329,1.146,5,39.915,18.934,5,40.085,19.687,5
cyclic_flip,rotating,1.0,0.4,DyF-ZTL,96.61,,1,87.89,,1,0.503,,1,2.93,,1,2.808,,1
cyclic_flip,rotating,1.0,0.4,DyF-ZTL-R,96.34,0.269,3,87.55,1.398,3,0.295,0.036,3,2.829,0.847,3,3.582,1.832,3
cyclic_flip,rotating,1.0,0.4,DyF-ZTL-V,97.034,0.363,5,90.572,1.842,5,0.289,0.299,5,1.966,1.802,5,2.063,1.496,5
cyclic_flip,rotating,1.0,0.4,DyF-ZTL-v1,96.838,0.324,5,90.666,0.756,5,0.702,1.193,5,1.636,1.13,5,1.49,0.641,5
cyclic_flip,rotating,1.0,0.4,FLTrust,95.934,0.343,5,88.176,1.484,5,0.487,0.712,5,1.538,0.956,5,1.807,0.641,5
cyclic_flip,rotating,1.0,0.4,FedAvg,74.79,15.297,5,44.91,9.768,5,1.13,2.086,5,20.684,13.214,5,25.201,16.112,5
cyclic_flip,sleeper,1.0,0.2,DyF-ZTL,93.35,,1,75.57,,1,1.085,,1,12.454,,1,15.507,,1
cyclic_flip,sleeper,1.0,0.2,DyF-ZTL-R,94.913,1.547,3,81.827,7.624,3,3.823,2.633,3,11.803,8.343,3,8.689,7.008,3
cyclic_flip,sleeper,1.0,0.2,DyF-ZTL-V,95.808,2.335,5,87.026,6.444,5,5.277,9.759,5,10.293,15.522,5,6.777,8.349,5
cyclic_flip,sleeper,1.0,0.2,DyF-ZTL-v1,96.43,0.343,5,88.034,2.95,5,1.398,1.421,5,3.663,3.033,5,2.527,1.963,5
cyclic_flip,sleeper,1.0,0.2,FLTrust,94.884,2.669,5,85.28,7.481,5,1.604,2.95,5,3.614,3.115,5,3.028,3.225,5
cyclic_flip,sleeper,1.0,0.2,FedAvg,84.516,2.839,5,55.426,5.71,5,1.327,1.321,5,34.005,13.285,5,35.946,13.97,5
cyclic_flip,sleeper,1.0,0.4,DyF-ZTL,94.28,,1,80.22,,1,0.42,,1,11.6,,1,12.698,,1
cyclic_flip,sleeper,1.0,0.4,DyF-ZTL-R,95.5,1.475,3,84.02,6.432,3,2.447,2.498,3,9.056,6.173,3,7.123,5.83,3
cyclic_flip,sleeper,1.0,0.4,DyF-ZTL-V,94.56,4.593,5,83.876,8.13,5,1.7,2.112,5,11.282,15.621,5,10.574,15.594,5
cyclic_flip,sleeper,1.0,0.4,DyF-ZTL-v1,96.68,0.434,5,90.078,1.847,5,3.271,3.467,5,4.884,4.667,5,1.807,1.37,5
cyclic_flip,sleeper,1.0,0.4,FLTrust,96.086,0.083,5,88.92,0.274,5,2.184,3.36,5,2.991,3.013,5,1.221,1.085,5
cyclic_flip,sleeper,1.0,0.4,FedAvg,67.608,31.82,5,42.818,18.848,5,1.181,1.83,5,22.051,11.626,5,33.175,17.706,5
cyclic_flip,static,0.5,0.2,DyF-ZTL,92.1,,1,75.29,,1,1.983,,1,20.391,,1,19.963,,1
cyclic_flip,static,0.5,0.2,DyF-ZTL-R,95.747,1.898,3,85.763,7.894,3,7.784,10.341,3,13.044,15.912,3,6.573,7.23,3
cyclic_flip,static,0.5,0.2,DyF-ZTL-V,96.44,1.431,5,87.568,6.915,5,0.581,0.898,5,4.603,5.366,5,5.043,5.32,5
cyclic_flip,static,0.5,0.2,DyF-ZTL-v1,96.236,0.831,5,87.242,5.205,5,0.452,0.842,5,2.906,4.598,5,2.955,3.676,5
cyclic_flip,static,0.5,0.2,FLTrust,95.994,0.257,5,88.2,1.542,5,1.213,1.161,5,2.259,1.321,5,1.868,2.079,5
cyclic_flip,static,0.5,0.2,FedAvg,84.982,7.518,5,55.6,9.005,5,0.875,0.894,5,28.254,18.619,5,29.927,18.156,5
cyclic_flip,static,0.5,0.4,DyF-ZTL,93.66,,1,83.53,,1,0.142,,1,11.477,,1,13.248,,1
cyclic_flip,static,0.5,0.4,DyF-ZTL-R,95.657,1.61,3,84.653,7.007,3,2.861,1.161,3,9.117,5.03,3,6.777,6.08,3
cyclic_flip,static,0.5,0.4,DyF-ZTL-V,97.094,0.429,5,91.806,0.418,5,1.005,1.869,5,3.236,3.318,5,2.759,1.931,5
cyclic_flip,static,0.5,0.4,DyF-ZTL-v1,94.602,3.845,5,86.694,5.643,5,0.684,0.725,5,7.289,14.357,5,7.033,14.602,5
cyclic_flip,static,0.5,0.4,FLTrust,95.984,0.334,5,88.984,1.193,5,1.252,0.818,5,1.722,0.597,5,0.684,0.634,5
cyclic_flip,static,0.5,0.4,FedAvg,66.166,31.865,5,43.776,24.54,5,1.622,0.962,5,17.387,15.268,5,19.267,13.016,5
targeted_flip,static,1.0,0.2,DyF-ZTL,89.475,6.131,2,68.805,10.161,2,1.531,1.719,2,26.832,15.929,2,27.564,20.16,2
targeted_flip,static,1.0,0.2,DyF-ZTL-F,88.485,4.9,2,63.67,3.437,2,1.117,0.684,2,29.884,12.303,2,31.044,15.757,2
targeted_flip,static,1.0,0.2,DyF-ZTL-G,87.995,5.735,2,58.53,8.598,2,2.215,2.49,2,29.518,9.54,2,33.211,18.476,2
targeted_flip,static,1.0,0.2,DyF-ZTL-R,94.195,4.99,4,83.528,11.772,4,3.308,3.708,4,13.309,18.932,4,11.279,16.8,4
targeted_flip,static,1.0,0.2,DyF-ZTL-R-F,93.13,5.227,4,77.618,11.564,4,2.637,0.844,4,16.377,17.848,4,14.423,18.169,4
targeted_flip,static,1.0,0.2,DyF-ZTL-R-G,92.33,6.012,4,72.46,17.134,4,3.601,2.789,4,19.048,13.669,4,18.758,19.87,4
targeted_flip,static,1.0,0.2,DyF-ZTL-V,95.48,2.563,5,85.716,7.367,5,6.366,8.535,5,12.295,14.277,5,7.534,9.332,5
targeted_flip,static,1.0,0.2,DyF-ZTL-V-F,94.59,3.431,5,82.846,7.79,5,7.023,8.59,5,15.287,16.54,5,10.44,12.065,5
targeted_flip,static,1.0,0.2,DyF-ZTL-V-G,91.242,6.312,5,71.862,17.753,5,4.25,7.075,5,23.492,22.37,5,22.54,20.995,5
targeted_flip,static,1.0,0.2,DyF-ZTL-v1,96.876,0.429,5,90.736,0.782,5,0.712,1.218,5,1.929,1.728,5,1.526,0.965,5
targeted_flip,static,1.0,0.2,FLTrust,95.562,1.06,5,85.8,6.379,5,0.938,1.233,5,3.565,3.196,5,4.86,4.754,5
targeted_flip,static,1.0,0.2,FedAvg,83.182,0.64,5,50.122,2.189,5,3.259,2.409,5,43.553,10.942,5,48.938,2.042,5
targeted_flip,static,1.0,0.2,FuzzyFLTrust,96.248,0.346,5,87.996,2.015,5,1.765,1.632,5,4.139,2.789,5,3.126,2.695,5
targeted_flip,static,1.0,0.2,FuzzyNoTrust,89.526,6.585,5,67.266,17.15,5,4.737,3.969,5,28.926,20.385,5,28.059,21.844,5
targeted_flip,static,1.0,0.2,Krum,83.548,10.828,5,46.648,28.008,5,0.052,0.068,4,40.647,44.76,5,42.222,43.726,5
targeted_flip,static,1.0,0.2,Median,88.67,6.195,5,64.678,17.863,5,2.98,2.04,5,30.037,22.536,5,29.67,22.187,5
targeted_flip,static,1.0,0.2,MultiKrum,91.122,4.146,5,71.566,13.024,5,1.125,0.618,5,15.092,11.316,5,21.526,16.268,5
targeted_flip,static,1.0,0.2,TrimmedMean,91.236,5.126,5,73.174,15.346,5,1.945,2.396,5,19.316,17.78,5,21.465,18.498,5
targeted_flip,static,1.0,0.4,DyF-ZTL,90.655,8.054,2,74.63,19.262,2,8.548,1.231,2,30.037,24.865,2,23.84,26.117,2
targeted_flip,static,1.0,0.4,DyF-ZTL-F,90.655,8.054,2,74.63,19.262,2,8.548,1.231,2,30.037,24.865,2,23.84,26.117,2
targeted_flip,static,1.0,0.4,DyF-ZTL-G,84.425,2.638,2,52.705,9.341,2,10.427,14.746,2,50.672,1.036,2,46.154,8.72,2
targeted_flip,static,1.0,0.4,DyF-ZTL-R,96.037,1.392,3,86.903,5.499,3,2.207,1.469,3,7.285,4.336,3,5.881,4.83,3
targeted_flip,static,1.0,0.4,DyF-ZTL-R-F,95.98,1.309,3,86.847,5.321,3,2.468,2.966,3,7.774,5.465,3,5.922,4.989,3
targeted_flip,static,1.0,0.4,DyF-ZTL-R-G,86.947,4.749,3,57.173,10.175,3,13.357,11.596,3,44.221,11.197,3,38.156,15.163,3
targeted_flip,static,1.0,0.4,DyF-ZTL-V,96.332,1.268,5,88.496,2.756,5,1.978,2.783,5,6.117,5.177,5,4.737,5.083,5
targeted_flip,static,1.0,0.4,DyF-ZTL-V-F,96.088,1.632,5,87.038,5.873,5,2.794,4.021,5,7.619,7.52,5,5.69,6.34,5
targeted_flip,static,1.0,0.4,DyF-ZTL-V-G,86.944,7.37,5,58.83,21.557,5,9.812,16.225,5,44.078,19.436,5,38.596,24.195,5
targeted_flip,static,1.0,0.4,DyF-ZTL-v1,96.32,0.772,5,90.316,0.953,5,2.054,2.004,5,5.519,3.376,5,3.907,3.848,5
targeted_flip,static,1.0,0.4,FLTrust,93.256,2.67,5,79.462,8.7,5,1.621,1.196,5,7.961,5.96,5,13.48,11.911,5
targeted_flip,static,1.0,0.4,FedAvg,78.956,3.73,5,39.4,12.251,5,5.65,6.658,5,60.916,6.496,5,64.444,14.256,5
targeted_flip,static,1.0,0.4,FuzzyFLTrust,95.984,1.492,5,87.244,5.815,5,7.295,7.746,5,11.661,11.677,5,5.958,6.512,5
targeted_flip,static,1.0,0.4,FuzzyNoTrust,82.688,5.092,5,48.458,9.308,5,21.364,19.324,5,57.46,18.405,5,52.796,17.314,5
targeted_flip,static,1.0,0.4,Krum,68.98,0.0,5,11.66,0.0,5,,,0,100.0,0.0,5,100.0,0.0,5
targeted_flip,static,1.0,0.4,Median,76.558,8.525,5,27.904,15.564,5,42.607,36.284,5,72.173,22.774,5,73.492,29.383,5
targeted_flip,static,1.0,0.4,MultiKrum,69.37,0.872,5,13.374,3.833,5,0.0,,1,94.554,12.177,5,98.718,2.867,5
targeted_flip,static,1.0,0.4,TrimmedMean,75.462,5.779,5,30.958,15.676,5,36.708,36.251,5,76.74,26.175,5,77.778,19.174,5
