alpha,smote,loss,method,Accuracy (mean),Accuracy (std),Accuracy (count),F1-Score (mean),F1-Score (std),F1-Score (count)
0.1,True,ce,DyF-ZTL,95.115,1.747,2,86.125,3.627,2
0.1,True,ce,DyF-ZTL-V,95.984,0.543,5,85.496,4.309,5
0.1,True,ce,FedAvg,79.386,7.054,5,33.15,11.429,5
0.1,True,ce,FedProx,89.272,3.586,5,56.25,11.652,5
0.1,True,ce,SCAFFOLD,94.54,1.611,5,80.6,4.578,5
0.5,False,ce,DyF-ZTL,95.78,0.24,2,81.69,3.79,2
0.5,False,ce,DyF-ZTL-V,97.092,0.433,5,89.154,4.806,5
0.5,False,ce,FedAvg,85.466,4.423,5,52.018,6.781,5
0.5,False,ce,FedProx,93.298,1.388,5,70.562,5.067,5
0.5,False,ce,SCAFFOLD,96.538,0.383,5,88.528,0.996,5
0.5,False,weighted_ce,DyF-ZTL-CW,95.235,0.332,2,80.5,6.208,2
0.5,False,weighted_ce,DyF-ZTL-V-CW,96.804,0.494,5,87.652,5.085,5
0.5,False,weighted_ce,FedAvg-CW,87.946,4.972,5,60.304,10.895,5
0.5,False,weighted_ce,FedProx-CW,95.192,0.758,5,83.86,5.595,5
1.0,True,ce,DyF-ZTL,97.595,0.106,2,92.99,0.707,2
1.0,True,ce,DyF-ZTL-V,97.444,0.129,5,92.328,0.574,5
1.0,True,ce,FedAvg,90.476,0.882,5,63.078,1.801,5
1.0,True,ce,FedProx,95.33,0.816,5,83.776,3.106,5
1.0,True,ce,SCAFFOLD,96.482,0.332,5,90.062,0.723,5
10.0,True,ce,DyF-ZTL,97.27,0.028,2,91.25,1.131,2
10.0,True,ce,DyF-ZTL-V,97.538,0.198,5,92.676,0.953,5
10.0,True,ce,FedAvg,92.936,0.178,5,65.84,1.173,5
10.0,True,ce,FedProx,96.648,0.478,5,90.24,1.871,5
10.0,True,ce,SCAFFOLD,96.204,0.192,5,89.434,0.639,5
IID,True,ce,DyF-ZTL,97.635,0.049,2,93.295,0.233,2
IID,True,ce,DyF-ZTL-V,97.488,0.19,5,92.848,0.557,5
IID,True,ce,FedAvg,95.644,0.499,5,88.452,1.021,5
IID,True,ce,FedProx,96.19,0.051,5,89.472,0.189,5
IID,True,ce,SCAFFOLD,96.674,0.123,5,90.694,0.215,5
