method,Accuracy (mean),Accuracy (std),Accuracy (count),F1-Score (mean),F1-Score (std),F1-Score (count),Detection Rate (Recall) (mean),Detection Rate (Recall) (std),Detection Rate (Recall) (count),Precision (mean),Precision (std),Precision (count),False Alarm Rate (FAR) (mean),False Alarm Rate (FAR) (std),False Alarm Rate (FAR) (count),FAR Benign->Attack (mean),FAR Benign->Attack (std),FAR Benign->Attack (count)
DeepTrust,94.957,0.854,10,79.477,5.557,10,81.087,5.114,10,84.591,7.066,10,1.658,0.415,10,3.105,0.408,10
DeepTrust-R,94.683,1.182,10,79.422,7.093,10,80.766,6.306,10,84.659,5.478,10,1.742,0.499,10,3.287,0.455,10
DeepTrust-V,95.407,0.789,10,81.877,5.648,10,83.046,6.133,10,87.646,4.58,10,1.463,0.407,10,3.055,0.397,10
DyF-ZTL,96.678,0.451,10,87.247,5.037,10,90.807,6.093,10,86.815,3.819,10,0.83,0.288,10,3.278,0.523,10
DyF-ZTL-R,96.785,0.404,10,87.241,5.055,10,90.807,5.897,10,87.236,4.209,10,0.791,0.261,10,3.242,0.478,10
DyF-ZTL-V,96.882,0.5,10,88.048,5.376,10,91.553,6.349,10,87.51,3.806,10,0.764,0.297,10,3.147,0.412,10
DyF-ZTL-W,94.119,5.825,10,80.854,16.687,10,85.665,17.1,10,78.095,16.775,10,1.982,2.793,10,3.386,0.698,10
DyF-ZTL-v1,96.537,0.359,10,88.007,3.418,10,93.766,5.159,10,85.33,2.254,10,0.708,0.157,10,4.135,1.038,10
DyF-ZTL-v1-W,96.281,1.024,10,84.306,6.327,10,86.954,7.527,10,85.413,4.926,10,1.05,0.527,10,3.107,0.536,10
FedAvg,88.054,3.879,10,58.557,8.621,10,61.47,7.994,10,59.207,12.387,10,4.895,1.825,10,2.645,0.355,10
FedProx,93.933,1.369,10,76.61,7.696,10,77.866,6.834,10,85.652,6.809,10,2.205,0.626,10,2.771,0.329,10
FuzzyNoTrust,95.928,1.353,10,83.819,6.18,10,86.845,6.692,10,85.387,5.001,10,1.21,0.685,10,3.12,0.493,10
FuzzyNoTrust-W,84.73,3.846,10,53.698,8.324,10,57.259,7.267,10,55.812,10.308,10,6.512,1.773,10,2.46,0.188,10
SCAFFOLD,96.484,0.404,10,89.771,1.391,10,95.59,1.938,10,86.01,2.415,10,0.722,0.135,10,4.136,0.799,10
ServerOnly,97.456,0.156,10,92.302,0.546,10,94.495,1.046,10,90.775,0.618,10,0.585,0.054,10,2.754,0.193,10
ServerOnly-MLP,95.735,0.821,10,85.954,3.798,10,87.676,5.237,10,86.525,3.003,10,1.108,0.324,10,3.819,1.082,10
