trust_condition,trust_val_size,gate_set,ratio,method,Accuracy (mean),Accuracy (std),Accuracy (count),F1-Score (mean),F1-Score (std),F1-Score (count)
contam10,,contam10-R-U,0.2,DyF-ZTL-R,94.36,2.193,3,82.173,8.567,3
contam10,,contam10-R-U,0.4,DyF-ZTL-R,91.7,7.216,3,75.88,16.39,3
contam10,,contam10-U,0.2,DyF-ZTL,93.77,,1,75.58,,1
contam10,,contam10-U,0.4,DyF-ZTL,94.28,,1,78.81,,1
contam10,,contam10-V-R-U,0.2,DyF-ZTL-V,95.384,1.734,5,84.054,6.935,5
contam10,,contam10-V-R-U,0.4,DyF-ZTL-V,95.996,0.73,5,86.658,2.132,5
contam10,,default-R-U,0.2,DyF-ZTL-R-dg,96.61,0.38,3,89.743,1.207,3
contam10,,default-R-U,0.4,DyF-ZTL-R-dg,96.007,0.798,3,87.743,3.312,3
contam10,,default-U,0.2,DyF-ZTL-dg,97.06,,1,91.22,,1
contam10,,default-U,0.4,DyF-ZTL-dg,94.83,,1,87.94,,1
contam10,,default-V-R-U,0.2,DyF-ZTL-V-dg,95.716,0.949,5,83.236,9.767,5
contam10,,default-V-R-U,0.4,DyF-ZTL-V-dg,95.802,0.956,5,87.618,2.903,5
contam10,,,0.2,FLTrust,73.806,22.085,5,57.7,18.594,5
contam10,,,0.4,FLTrust,74.106,34.793,5,66.656,31.513,5
contam5,,contam5-R-U,0.2,DyF-ZTL-R,92.11,5.627,3,76.347,13.603,3
contam5,,contam5-R-U,0.4,DyF-ZTL-R,91.977,6.711,3,79.537,14.4,3
contam5,,contam5-U,0.2,DyF-ZTL,93.81,,1,76.44,,1
contam5,,contam5-U,0.4,DyF-ZTL,93.68,,1,81.33,,1
contam5,,contam5-V-R-U,0.2,DyF-ZTL-V,94.98,3.096,5,84.97,7.911,5
contam5,,contam5-V-R-U,0.4,DyF-ZTL-V,92.494,6.212,5,81.904,12.708,5
contam5,,default-R-U,0.2,DyF-ZTL-R-dg,96.857,0.485,3,90.443,2.023,3
contam5,,default-R-U,0.4,DyF-ZTL-R-dg,95.193,2.099,3,81.867,13.853,3
contam5,,default-U,0.2,DyF-ZTL-dg,97.01,,1,90.47,,1
contam5,,default-U,0.4,DyF-ZTL-dg,96.89,,1,89.31,,1
contam5,,default-V-R-U,0.2,DyF-ZTL-V-dg,96.668,0.58,5,87.592,3.106,5
contam5,,default-V-R-U,0.4,DyF-ZTL-V-dg,96.68,0.973,5,89.84,2.238,5
contam5,,,0.2,FLTrust,91.694,6.227,5,74.7,14.137,5
contam5,,,0.4,FLTrust,79.682,28.427,5,67.652,28.064,5
imbalanced,,default-R-U,0.2,DyF-ZTL-R-dg,93.833,3.8,3,79.247,10.823,3
imbalanced,,default-R-U,0.4,DyF-ZTL-R-dg,91.893,6.978,3,76.993,20.951,3
imbalanced,,default-U,0.2,DyF-ZTL-dg,86.1,,1,63.91,,1
imbalanced,,default-U,0.4,DyF-ZTL-dg,93.69,,1,80.13,,1
imbalanced,,default-V-R-U,0.2,DyF-ZTL-V-dg,94.418,4.909,5,82.608,12.01,5
imbalanced,,default-V-R-U,0.4,DyF-ZTL-V-dg,93.82,4.219,5,79.958,12.602,5
imbalanced,,imbalanced-R-U,0.2,DyF-ZTL-R,92.81,4.822,3,79.34,11.826,3
imbalanced,,imbalanced-R-U,0.4,DyF-ZTL-R,91.587,6.789,3,76.057,20.16,3
imbalanced,,imbalanced-U,0.2,DyF-ZTL,92.94,,1,76.11,,1
imbalanced,,imbalanced-U,0.4,DyF-ZTL,95.04,,1,87.44,,1
imbalanced,,imbalanced-V-R-U,0.2,DyF-ZTL-V,94.244,4.678,5,82.188,11.416,5
imbalanced,,imbalanced-V-R-U,0.4,DyF-ZTL-V,94.296,3.287,5,82.218,10.598,5
imbalanced,,,0.2,FLTrust,95.172,1.267,5,83.252,7.165,5
imbalanced,,,0.4,FLTrust,94.71,1.741,5,84.462,5.106,5
missing2,,default-R-U,0.2,DyF-ZTL-R-dg,92.093,6.12,3,75.653,14.745,3
missing2,,default-R-U,0.4,DyF-ZTL-R-dg,91.957,7.016,3,75.29,19.626,3
missing2,,default-U,0.2,DyF-ZTL-dg,92.39,,1,73.14,,1
missing2,,default-U,0.4,DyF-ZTL-dg,93.41,,1,79.04,,1
missing2,,default-V-R-U,0.2,DyF-ZTL-V-dg,94.1,5.045,5,77.392,9.53,5
missing2,,default-V-R-U,0.4,DyF-ZTL-V-dg,92.598,5.525,5,74.542,14.444,5
missing2,,missing2-R-U,0.2,DyF-ZTL-R,94.197,3.221,3,82.49,8.355,3
missing2,,missing2-R-U,0.4,DyF-ZTL-R,91.8,6.973,3,74.643,20.058,3
missing2,,missing2-U,0.2,DyF-ZTL,93.09,,1,74.4,,1
missing2,,missing2-U,0.4,DyF-ZTL,94.93,,1,86.76,,1
missing2,,missing2-V-R-U,0.2,DyF-ZTL-V,96.2,0.902,5,85.282,6.234,5
missing2,,missing2-V-R-U,0.4,DyF-ZTL-V,93.436,4.863,5,79.628,12.027,5
missing2,,,0.2,FLTrust,96.036,0.413,5,88.15,2.028,5
missing2,,,0.4,FLTrust,95.82,0.307,5,87.788,1.606,5
shifted,,default-R-U,0.2,DyF-ZTL-R-dg,95.98,0.521,3,88.78,1.259,3
shifted,,default-R-U,0.4,DyF-ZTL-R-dg,96.173,0.393,3,89.323,1.294,3
shifted,,default-U,0.2,DyF-ZTL-dg,96.17,,1,89.06,,1
shifted,,default-U,0.4,DyF-ZTL-dg,96.57,,1,90.43,,1
shifted,,default-V-R-U,0.2,DyF-ZTL-V-dg,84.676,6.482,5,77.08,6.329,5
shifted,,default-V-R-U,0.4,DyF-ZTL-V-dg,85.142,6.675,5,75.856,4.808,5
shifted,,shifted-R-U,0.2,DyF-ZTL-R,96.613,0.381,3,89.593,1.176,3
shifted,,shifted-R-U,0.4,DyF-ZTL-R,95.657,1.469,3,87.913,4.587,3
shifted,,shifted-U,0.2,DyF-ZTL,96.69,,1,87.38,,1
shifted,,shifted-U,0.4,DyF-ZTL,96.48,,1,89.83,,1
shifted,,shifted-V-R-U,0.2,DyF-ZTL-V,96.068,0.799,5,86.898,4.163,5
shifted,,shifted-V-R-U,0.4,DyF-ZTL-V,93.972,5.02,5,84.174,12.16,5
shifted,,,0.2,FLTrust,90.402,7.453,5,81.838,6.074,5
shifted,,,0.4,FLTrust,89.024,8.264,5,81.496,7.331,5
,100.0,default-R-U,0.2,DyF-ZTL-R-dg,46.493,39.017,3,8.467,7.027,3
,100.0,default-R-U,0.4,DyF-ZTL-R-dg,46.493,39.017,3,8.467,7.027,3
,100.0,default-U,0.2,DyF-ZTL-dg,69.06,,1,13.33,,1
,100.0,default-U,0.4,DyF-ZTL-dg,69.06,,1,13.33,,1
,100.0,default-V-R-U,0.2,DyF-ZTL-V-dg,28.688,36.835,5,5.312,6.59,5
,100.0,default-V-R-U,0.4,DyF-ZTL-V-dg,28.688,36.835,5,5.312,6.59,5
,100.0,size100-R-U,0.2,DyF-ZTL-R,96.46,0.37,3,88.143,2.549,3
,100.0,size100-R-U,0.4,DyF-ZTL-R,96.137,1.153,3,88.197,3.295,3
,100.0,size100-U,0.2,DyF-ZTL,95.59,,1,78.71,,1
,100.0,size100-U,0.4,DyF-ZTL,93.81,,1,78.8,,1
,100.0,size100-V-R-U,0.2,DyF-ZTL-V,96.036,0.711,5,86.688,4.171,5
,100.0,size100-V-R-U,0.4,DyF-ZTL-V,95.84,1.465,5,88.636,2.314,5
,300.0,default-R-U,0.2,DyF-ZTL-R-dg,92.473,3.254,3,73.493,13.075,3
,300.0,default-R-U,0.4,DyF-ZTL-R-dg,92.653,4.066,3,79.67,10.348,3
,300.0,default-U,0.2,DyF-ZTL-dg,95.66,,1,87.7,,1
,300.0,default-U,0.4,DyF-ZTL-dg,95.66,,1,87.7,,1
,300.0,default-V-R-U,0.2,DyF-ZTL-V-dg,91.186,3.661,5,75.996,9.195,5
,300.0,default-V-R-U,0.4,DyF-ZTL-V-dg,91.276,3.695,5,75.684,8.674,5
,300.0,size300-R-U,0.2,DyF-ZTL-R,96.743,0.485,3,88.473,4.654,3
,300.0,size300-R-U,0.4,DyF-ZTL-R,96.117,1.803,3,88.583,3.69,3
,300.0,size300-U,0.2,DyF-ZTL,94.43,,1,77.84,,1
,300.0,size300-U,0.4,DyF-ZTL,94.51,,1,85.06,,1
,300.0,size300-V-R-U,0.2,DyF-ZTL-V,96.71,0.496,5,87.458,4.998,5
,300.0,size300-V-R-U,0.4,DyF-ZTL-V,96.54,0.794,5,90.068,1.727,5
,1200.0,default-R-U,0.2,DyF-ZTL-R-dg,95.897,0.789,3,87.647,3.138,3
,1200.0,default-R-U,0.4,DyF-ZTL-R-dg,96.34,0.243,3,89.08,0.425,3
,1200.0,default-U,0.2,DyF-ZTL-dg,96.61,,1,88.84,,1
,1200.0,default-U,0.4,DyF-ZTL-dg,96.42,,1,88.73,,1
,1200.0,default-V-R-U,0.2,DyF-ZTL-V-dg,96.136,1.036,5,86.172,5.921,5
,1200.0,default-V-R-U,0.4,DyF-ZTL-V-dg,94.662,4.433,5,86.596,7.694,5
,1200.0,size1200-R-U,0.2,DyF-ZTL-R,95.033,1.396,3,83.48,6.835,3
,1200.0,size1200-R-U,0.4,DyF-ZTL-R,96.133,1.165,3,86.177,4.834,3
,1200.0,size1200-U,0.2,DyF-ZTL,93.68,,1,76.86,,1
,1200.0,size1200-U,0.4,DyF-ZTL,95.27,,1,88.18,,1
,1200.0,size1200-V-R-U,0.2,DyF-ZTL-V,96.556,1.152,5,88.814,5.14,5
,1200.0,size1200-V-R-U,0.4,DyF-ZTL-V,95.174,3.618,5,86.344,8.089,5
