ratio,method,Accuracy (mean),Accuracy (std),Accuracy (count),F1-Score (mean),F1-Score (std),F1-Score (count)
0.2,DyF-ZTL-R-soft,92.633,6.197,3,79.457,15.051,3
0.2,DyF-ZTL-V-prob,94.752,5.176,5,85.274,11.771,5
0.2,DyF-ZTL-V-soft,94.87,3.131,5,84.34,8.274,5
0.2,DyF-ZTL-soft,85.25,,1,61.55,,1
0.4,DyF-ZTL-R-soft,95.83,1.532,3,86.63,5.617,3
0.4,DyF-ZTL-V-prob,94.83,4.995,5,84.292,14.323,5
0.4,DyF-ZTL-V-soft,94.366,5.029,5,84.91,11.093,5
0.4,DyF-ZTL-soft,95.04,,1,87.07,,1
0.6,DyF-ZTL-R-soft,91.557,7.418,3,74.17,20.797,3
0.6,DyF-ZTL-V-prob,93.47,5.457,5,82.424,15.491,5
0.6,DyF-ZTL-V-soft,94.19,6.145,5,83.63,18.231,5
0.6,DyF-ZTL-soft,96.14,,1,85.59,,1
0.8,DyF-ZTL-R-soft,95.15,1.09,3,84.23,5.337,3
0.8,DyF-ZTL-V-prob,96.166,2.296,5,88.752,6.065,5
0.8,DyF-ZTL-V-soft,97.11,0.461,5,91.58,1.565,5
0.8,DyF-ZTL-soft,96.06,,1,88.65,,1
